cdr_id,subscriber_id,call_start_time,call_end_time,duration_seconds,source_tower_id,destination_tower_id,call_type,call_status,roaming_flag,network_type,signal_strength_dbm,latency_ms,region
CDR-0000001,SUB-00061,2026-07-03T21:00:00,2026-07-03T21:17:47,1067,SE-TWR-003,NW-TWR-003,VOLTE,COMPLETED,Y,5G,-103.43,124.15,Southeast
CDR-0000002,SUB-00006,2026-07-02T19:15:00,2026-07-02T19:26:23,683,SW-TWR-001,MW-TWR-002,VOLTE,COMPLETED,N,5G,-99.16,162.38,Southwest
CDR-0000003,SUB-00065,2026-07-09T17:38:00,2026-07-09T18:03:56,1556,SW-TWR-001,MW-TWR-003,VIDEO,DROPPED,N,5G,-113.79,60.71,Southwest
CDR-0000004,SUB-00042,2026-07-14T03:27:00,2026-07-14T03:31:40,280,SE-TWR-002,SW-TWR-003,VOICE,COMPLETED,N,5G,-116.76,184.6,Southeast
CDR-0000005,SUB-00032,2026-07-26T00:53:00,2026-07-26T01:13:30,1230,SE-TWR-003,MW-TWR-001,VOLTE,COMPLETED,Y,5G,-110.2,72.06,Southeast
CDR-0000006,SUB-00071,2026-07-18T12:03:00,2026-07-18T12:17:53,893,MW-TWR-002,MW-TWR-002,VIDEO,COMPLETED,N,5G,-103.48,49.34,Midwest
CDR-0000007,SUB-00065,2026-07-03T13:56:00,2026-07-03T14:09:44,824,SW-TWR-001,MW-TWR-003,VOICE,COMPLETED,N,5G,-79.31,139.69,Southwest
CDR-0000008,SUB-00088,2026-07-12T22:11:00,2026-07-12T22:32:09,1269,SE-TWR-002,NW-TWR-001,VOICE,COMPLETED,N,5G,-114.61,117.29,Southeast
CDR-0000009,SUB-00031,2026-07-02T20:44:00,2026-07-02T21:08:41,1481,SW-TWR-003,NW-TWR-003,VOLTE,COMPLETED,N,5G,-98.02,23.66,Southwest
CDR-0000010,SUB-00007,2026-07-26T13:58:00,2026-07-26T14:13:07,907,MW-TWR-001,MW-TWR-001,VOICE,COMPLETED,Y,5G,-69.25,259.62,Midwest
CDR-0000011,SUB-00040,2026-07-17T13:56:00,2026-07-17T14:06:07,607,SW-TWR-003,SE-TWR-002,VOICE,COMPLETED,Y,5G,-66.53,237.86,Southwest
CDR-0000012,SUB-00094,2026-07-01T14:16:00,2026-07-01T14:31:39,939,NW-TWR-001,SW-TWR-002,VOLTE,COMPLETED,N,5G,-79.02,191.13,Northwest
CDR-0000013,SUB-00039,2026-07-19T07:16:00,2026-07-19T07:17:42,102,NW-TWR-003,SE-TWR-001,VOLTE,COMPLETED,N,4G,-90.73,209.09,Northwest
CDR-0000014,SUB-00061,2026-07-14T10:13:00,2026-07-14T10:22:30,570,SW-TWR-003,NW-TWR-003,VIDEO,COMPLETED,N,5G,-109.95,140.14,Southwest
CDR-0000015,SUB-00067,2026-07-06T16:47:00,2026-07-06T17:06:34,1174,SE-TWR-003,SE-TWR-003,VOICE,COMPLETED,N,5G,-123.08,50.68,Southeast
CDR-0000016,SUB-00032,2026-07-05T14:13:00,2026-07-05T14:35:20,1340,SE-TWR-002,SE-TWR-002,VOICE,COMPLETED,N,5G,-118.66,242.98,Southeast
CDR-0000017,SUB-00076,2026-07-10T22:13:00,2026-07-10T22:33:04,1204,SE-TWR-001,SE-TWR-002,VOICE,COMPLETED,N,5G,-110.52,76.58,Southeast
CDR-0000018,SUB-00085,2026-07-28T02:08:00,2026-07-28T02:09:36,96,NW-TWR-002,SW-TWR-003,VIDEO,DROPPED,N,5G,-97.17,96.05,Northwest
CDR-0000019,SUB-00079,2026-07-24T02:14:00,2026-07-24T02:22:50,530,SE-TWR-003,SW-TWR-001,VOLTE,COMPLETED,N,5G,-89.02,210.63,Southeast
CDR-0000020,SUB-00032,2026-07-26T19:53:00,2026-07-26T20:16:43,1423,MW-TWR-002,MW-TWR-002,VOLTE,DROPPED,N,5G,-76.99,220.54,Midwest
CDR-0000021,SUB-00081,2026-07-06T06:29:00,2026-07-06T06:35:02,362,SE-TWR-001,SE-TWR-002,VOLTE,FAILED,N,5G,-84.1,25.46,Southeast
CDR-0000022,SUB-00054,2026-07-09T04:46:00,2026-07-09T05:06:36,1236,MW-TWR-001,MW-TWR-003,VOICE,COMPLETED,N,5G,-116.75,36.41,Midwest
CDR-0000023,SUB-00032,2026-07-07T23:06:00,2026-07-07T23:25:11,1151,SE-TWR-001,SW-TWR-002,VIDEO,COMPLETED,N,5G,-98.04,54.81,Southeast
CDR-0000024,SUB-00056,2026-07-16T01:36:00,2026-07-16T01:48:00,720,SW-TWR-001,MW-TWR-003,VOICE,COMPLETED,Y,5G,-85.13,115.43,Southwest
CDR-0000025,SUB-00033,2026-07-03T15:16:00,2026-07-03T15:20:04,244,SE-TWR-002,MW-TWR-001,VIDEO,COMPLETED,N,5G,-90.68,39.13,Southeast
CDR-0000026,SUB-00042,2026-07-09T10:54:00,2026-07-09T10:56:02,122,NW-TWR-003,SW-TWR-003,VOICE,COMPLETED,N,4G,-117.19,55.0,Northwest
CDR-0000027,SUB-00077,2026-07-12T10:49:00,2026-07-12T10:56:57,477,SW-TWR-001,SW-TWR-003,VOICE,COMPLETED,N,5G,-80.47,42.88,Southwest
CDR-0000028,SUB-00033,2026-07-19T05:11:00,2026-07-19T05:20:28,568,NW-TWR-002,SW-TWR-001,VOICE,COMPLETED,Y,5G,-110.68,270.14,Northwest
CDR-0000029,SUB-00061,2026-07-26T19:04:00,2026-07-26T19:24:24,1224,NW-TWR-003,SW-TWR-003,VIDEO,COMPLETED,N,4G,-98.1,219.07,Northwest
CDR-0000030,SUB-00071,2026-07-08T09:44:00,2026-07-08T09:52:56,536,MW-TWR-001,MW-TWR-002,VOLTE,COMPLETED,N,5G,-101.48,182.94,Midwest
CDR-0000031,SUB-00041,2026-07-19T17:32:00,2026-07-19T17:42:08,608,SW-TWR-002,SW-TWR-001,VIDEO,COMPLETED,N,5G,-90.84,174.01,Southwest
CDR-0000032,SUB-00053,2026-07-27T15:37:00,2026-07-27T15:40:09,189,MW-TWR-002,MW-TWR-002,VOICE,COMPLETED,N,5G,-77.29,259.41,Midwest
CDR-0000033,SUB-00097,2026-07-08T11:19:00,2026-07-08T11:30:57,717,NW-TWR-003,NW-TWR-002,VOLTE,COMPLETED,N,4G,-97.12,128.1,Northwest
CDR-0000034,SUB-00060,2026-07-13T20:05:00,2026-07-13T20:08:24,204,SE-TWR-002,SE-TWR-002,VIDEO,FAILED,N,5G,-103.35,19.5,Southeast
CDR-0000035,SUB-00074,2026-07-14T12:51:00,2026-07-14T12:52:36,96,SE-TWR-003,NW-TWR-001,VOLTE,COMPLETED,N,5G,-115.4,152.93,Southeast
CDR-0000036,SUB-00034,2026-07-20T09:24:00,2026-07-20T09:27:35,215,SW-TWR-003,MW-TWR-002,VIDEO,COMPLETED,N,5G,-118.42,32.56,Southwest
CDR-0000037,SUB-00061,2026-07-07T08:24:00,2026-07-07T08:51:52,1672,SW-TWR-001,SE-TWR-003,VOICE,COMPLETED,N,5G,-72.46,157.97,Southwest
CDR-0000038,SUB-00070,2026-07-21T04:02:00,2026-07-21T04:19:52,1072,SE-TWR-001,SE-TWR-003,VOICE,COMPLETED,N,5G,-119.96,269.39,Southeast
CDR-0000039,SUB-00059,2026-07-12T16:00:00,2026-07-12T16:19:25,1165,SW-TWR-001,NW-TWR-002,VOICE,COMPLETED,N,5G,-111.92,196.41,Southwest
CDR-0000040,SUB-00048,2026-07-03T03:48:00,2026-07-03T04:00:48,768,MW-TWR-003,MW-TWR-003,VOLTE,COMPLETED,N,5G,-113.12,129.87,Midwest
CDR-0000041,SUB-00079,2026-07-04T13:15:00,2026-07-04T13:40:39,1539,SE-TWR-002,NW-TWR-001,VOICE,COMPLETED,Y,5G,-94.34,133.57,Southeast
CDR-0000042,SUB-00013,2026-07-23T01:34:00,2026-07-23T01:50:35,995,SE-TWR-003,SW-TWR-001,VOICE,COMPLETED,N,5G,-65.7,94.77,Southeast
CDR-0000043,SUB-00052,2026-07-26T23:51:00,2026-07-27T00:19:35,1715,SW-TWR-003,SW-TWR-001,VIDEO,COMPLETED,N,5G,-76.55,81.23,Southwest
CDR-0000044,SUB-00010,2026-07-10T21:30:00,2026-07-10T21:57:20,1640,SE-TWR-003,NW-TWR-001,VOLTE,COMPLETED,N,5G,-71.11,24.49,Southeast
CDR-0000045,SUB-00054,2026-07-16T02:59:00,2026-07-16T03:05:55,415,SE-TWR-001,NW-TWR-002,VOLTE,COMPLETED,N,5G,-107.56,226.42,Southeast
CDR-0000046,SUB-00028,2026-07-12T22:19:00,2026-07-12T22:19:55,55,MW-TWR-002,SW-TWR-002,VIDEO,COMPLETED,N,5G,-101.85,165.74,Midwest
CDR-0000047,SUB-00016,2026-07-22T20:19:00,2026-07-22T20:28:59,599,MW-TWR-001,NW-TWR-003,VIDEO,COMPLETED,N,5G,-85.49,164.22,Midwest
CDR-0000048,SUB-00064,2026-07-21T18:33:00,2026-07-21T18:42:15,555,SW-TWR-002,SE-TWR-001,VOLTE,COMPLETED,Y,5G,-75.41,98.73,Southwest
CDR-0000049,SUB-00047,2026-07-07T06:51:00,2026-07-07T07:06:30,930,SW-TWR-001,SW-TWR-001,VIDEO,COMPLETED,N,5G,-66.39,15.19,Southwest
CDR-0000050,SUB-00083,2026-07-10T00:56:00,2026-07-10T00:57:25,85,NW-TWR-002,SE-TWR-002,VOICE,COMPLETED,Y,5G,-123.3,212.96,Northwest
CDR-0000051,SUB-00062,2026-07-08T06:18:00,2026-07-08T06:20:31,151,NW-TWR-001,SW-TWR-003,VOICE,COMPLETED,N,5G,-103.47,219.11,Northwest
CDR-0000052,SUB-00098,2026-07-14T16:17:00,2026-07-14T16:37:16,1216,MW-TWR-002,MW-TWR-001,VOICE,COMPLETED,N,5G,-68.09,127.45,Midwest
CDR-0000053,SUB-00100,2026-07-23T20:08:00,2026-07-23T20:20:45,765,SE-TWR-003,NW-TWR-001,VIDEO,COMPLETED,N,5G,-114.37,224.52,Southeast
CDR-0000054,SUB-00035,2026-07-22T01:16:00,2026-07-22T01:33:48,1068,MW-TWR-003,SE-TWR-002,VOLTE,COMPLETED,N,5G,-89.48,151.22,Midwest
CDR-0000055,SUB-00013,2026-07-20T04:03:00,2026-07-20T04:04:01,61,NW-TWR-001,MW-TWR-002,VIDEO,COMPLETED,N,5G,-78.68,57.01,Northwest
CDR-0000056,SUB-00012,2026-07-13T06:52:00,2026-07-13T07:10:55,1135,NW-TWR-001,SW-TWR-003,VOICE,COMPLETED,N,5G,-105.82,140.0,Northwest
CDR-0000057,SUB-00035,2026-07-27T12:21:00,2026-07-27T12:47:33,1593,SE-TWR-001,SW-TWR-003,VOLTE,COMPLETED,N,5G,-108.24,187.99,Southeast
CDR-0000058,SUB-00089,2026-07-07T18:22:00,2026-07-07T18:41:46,1186,SW-TWR-001,SE-TWR-001,VIDEO,DROPPED,N,5G,-110.29,166.1,Southwest
CDR-0000059,SUB-00026,2026-07-03T00:26:00,2026-07-03T00:42:07,967,SE-TWR-002,NW-TWR-002,VIDEO,FAILED,N,5G,-86.94,203.01,Southeast
CDR-0000060,SUB-00003,2026-07-21T07:45:00,2026-07-21T08:10:16,1516,SE-TWR-002,SE-TWR-003,VOICE,COMPLETED,Y,5G,-100.04,176.66,Southeast
CDR-0000061,SUB-00040,2026-07-03T11:13:00,2026-07-03T11:22:12,552,NW-TWR-002,MW-TWR-003,VOICE,COMPLETED,N,5G,-91.62,239.38,Northwest
CDR-0000062,SUB-00065,2026-07-01T02:15:00,2026-07-01T02:15:32,32,MW-TWR-001,SW-TWR-001,VOICE,COMPLETED,N,5G,-99.37,240.04,Midwest
CDR-0000063,SUB-00078,2026-07-20T13:16:00,2026-07-20T13:37:17,1277,SE-TWR-003,NW-TWR-001,VOLTE,COMPLETED,Y,5G,-82.37,154.56,Southeast
CDR-0000064,SUB-00090,2026-07-01T17:21:00,2026-07-01T17:32:46,706,NW-TWR-002,SE-TWR-003,VIDEO,COMPLETED,N,5G,-102.09,245.29,Northwest
CDR-0000065,SUB-00053,2026-07-17T03:34:00,2026-07-17T03:35:56,116,NW-TWR-003,SE-TWR-003,VOLTE,COMPLETED,N,4G,-94.02,145.71,Northwest
CDR-0000066,SUB-00094,2026-07-27T10:52:00,2026-07-27T11:13:00,1260,SW-TWR-002,SE-TWR-003,VOICE,COMPLETED,N,5G,-120.67,110.55,Southwest
CDR-0000067,SUB-00072,2026-07-24T13:55:00,2026-07-24T14:10:31,931,MW-TWR-002,SE-TWR-002,VIDEO,COMPLETED,N,5G,-70.37,229.14,Midwest
CDR-0000068,SUB-00049,2026-07-16T19:52:00,2026-07-16T20:19:22,1642,SW-TWR-002,NW-TWR-001,VOICE,FAILED,N,5G,-80.77,131.76,Southwest
CDR-0000069,SUB-00053,2026-07-23T04:52:00,2026-07-23T05:08:20,980,SW-TWR-003,MW-TWR-001,VOICE,COMPLETED,Y,5G,-100.0,236.41,Southwest
CDR-0000070,SUB-00032,2026-07-28T14:08:00,2026-07-28T14:09:55,115,NW-TWR-001,MW-TWR-002,VOICE,COMPLETED,Y,5G,-118.6,149.69,Northwest
CDR-0000071,SUB-00007,2026-07-19T18:07:00,2026-07-19T18:09:37,157,NW-TWR-003,SE-TWR-002,VOLTE,COMPLETED,N,4G,-123.45,203.69,Northwest
CDR-0000072,SUB-00005,2026-07-21T09:00:00,2026-07-21T09:09:27,567,NW-TWR-001,SW-TWR-002,VIDEO,COMPLETED,N,5G,-109.97,113.89,Northwest
CDR-0000073,SUB-00042,2026-07-15T20:27:00,2026-07-15T20:42:33,933,NW-TWR-001,MW-TWR-001,VOICE,DROPPED,N,5G,-69.03,178.72,Northwest
CDR-0000074,SUB-00056,2026-07-12T11:59:00,2026-07-12T12:14:21,921,NW-TWR-003,NW-TWR-001,VOLTE,COMPLETED,N,4G,-79.58,15.26,Northwest
CDR-0000075,SUB-00040,2026-07-25T09:49:00,2026-07-25T09:59:03,603,MW-TWR-002,MW-TWR-003,VOLTE,COMPLETED,N,5G,-88.79,98.8,Midwest
CDR-0000076,SUB-00002,2026-07-03T02:37:00,2026-07-03T02:54:00,1020,MW-TWR-002,SE-TWR-002,VOICE,COMPLETED,Y,5G,-122.2,202.63,Midwest
CDR-0000077,SUB-00035,2026-07-21T13:36:00,2026-07-21T13:41:49,349,MW-TWR-002,SW-TWR-003,VOLTE,COMPLETED,N,5G,-74.32,34.16,Midwest
CDR-0000078,SUB-00075,2026-07-21T05:34:00,2026-07-21T05:51:15,1035,SW-TWR-001,SW-TWR-002,VIDEO,COMPLETED,N,5G,-122.06,75.76,Southwest
CDR-0000079,SUB-00033,2026-07-11T10:45:00,2026-07-11T11:04:18,1158,SE-TWR-003,MW-TWR-002,VOLTE,DROPPED,N,5G,-120.74,63.58,Southeast
CDR-0000080,SUB-00031,2026-07-17T01:30:00,2026-07-17T01:49:46,1186,MW-TWR-003,SW-TWR-001,VOLTE,COMPLETED,N,5G,-70.87,158.85,Midwest
CDR-0000081,SUB-00065,2026-07-16T19:40:00,2026-07-16T19:58:21,1101,NW-TWR-001,SE-TWR-001,VIDEO,COMPLETED,N,5G,-90.41,36.61,Northwest
CDR-0000082,SUB-00075,2026-07-09T21:42:00,2026-07-09T21:59:43,1063,SE-TWR-002,SE-TWR-001,VOLTE,COMPLETED,N,5G,-122.76,128.5,Southeast
CDR-0000083,SUB-00015,2026-07-20T23:59:00,2026-07-21T00:10:34,694,MW-TWR-002,SW-TWR-003,VOLTE,DROPPED,N,5G,-92.09,216.28,Midwest
CDR-0000084,SUB-00087,2026-07-01T03:17:00,2026-07-01T03:31:45,885,SW-TWR-003,MW-TWR-002,VIDEO,COMPLETED,N,5G,-109.73,231.59,Southwest
CDR-0000085,SUB-00092,2026-07-17T21:20:00,2026-07-17T21:26:59,419,SE-TWR-002,SW-TWR-001,VIDEO,COMPLETED,N,5G,-101.73,228.18,Southeast
CDR-0000086,SUB-00026,2026-07-23T14:19:00,2026-07-23T14:27:43,523,MW-TWR-001,MW-TWR-001,VIDEO,COMPLETED,N,5G,-103.91,56.65,Midwest
CDR-0000087,SUB-00058,2026-07-09T15:11:00,2026-07-09T15:39:17,1697,NW-TWR-003,MW-TWR-003,VIDEO,COMPLETED,Y,4G,-112.73,39.67,Northwest
CDR-0000088,SUB-00062,2026-07-16T16:03:00,2026-07-16T16:22:35,1175,MW-TWR-002,MW-TWR-002,VOICE,COMPLETED,N,5G,-101.29,45.95,Midwest
CDR-0000089,SUB-00065,2026-07-22T07:39:00,2026-07-22T07:59:22,1222,MW-TWR-003,NW-TWR-003,VIDEO,COMPLETED,N,5G,-92.05,153.56,Midwest
CDR-0000090,SUB-00076,2026-07-09T09:18:00,2026-07-09T09:37:22,1162,SE-TWR-002,NW-TWR-003,VOLTE,COMPLETED,N,5G,-90.39,113.88,Southeast
CDR-0000091,SUB-00061,2026-07-14T09:37:00,2026-07-14T09:44:14,434,SW-TWR-003,SE-TWR-001,VOICE,DROPPED,N,5G,-123.48,166.65,Southwest
CDR-0000092,SUB-00025,2026-07-03T12:00:00,2026-07-03T12:01:48,108,SE-TWR-001,SW-TWR-003,VIDEO,COMPLETED,N,5G,-84.78,73.24,Southeast
CDR-0000093,SUB-00012,2026-07-26T23:15:00,2026-07-26T23:34:29,1169,SE-TWR-002,SW-TWR-002,VOICE,COMPLETED,Y,5G,-87.62,84.05,Southeast
CDR-0000094,SUB-00032,2026-07-16T03:39:00,2026-07-16T04:08:13,1753,SW-TWR-002,SW-TWR-003,VOLTE,COMPLETED,Y,5G,-95.14,21.72,Southwest
CDR-0000095,SUB-00007,2026-07-02T12:49:00,2026-07-02T13:15:13,1573,SW-TWR-003,SE-TWR-001,VOICE,COMPLETED,Y,5G,-101.26,77.4,Southwest
CDR-0000096,SUB-00095,2026-07-08T06:02:00,2026-07-08T06:04:14,134,SE-TWR-001,SE-TWR-001,VOICE,COMPLETED,N,5G,-75.96,266.43,Southeast
CDR-0000097,SUB-00083,2026-07-10T11:49:00,2026-07-10T12:05:39,999,SW-TWR-003,MW-TWR-003,VOLTE,COMPLETED,N,5G,-124.36,256.86,Southwest
CDR-0000098,SUB-00004,2026-07-19T08:38:00,2026-07-19T08:58:03,1203,MW-TWR-001,NW-TWR-001,VOICE,COMPLETED,Y,5G,-65.39,261.94,Midwest
CDR-0000099,SUB-00093,2026-07-23T08:00:00,2026-07-23T08:07:42,462,SE-TWR-002,SW-TWR-002,VIDEO,COMPLETED,N,5G,-91.95,87.07,Southeast
CDR-0000100,SUB-00039,2026-07-20T18:09:00,2026-07-20T18:11:21,141,SE-TWR-002,SW-TWR-002,VIDEO,DROPPED,N,5G,-89.33,175.95,Southeast
CDR-0000101,SUB-00030,2026-07-10T08:20:00,2026-07-10T08:44:27,1467,MW-TWR-003,SW-TWR-001,VIDEO,COMPLETED,N,5G,-87.71,245.45,Midwest
CDR-0000102,SUB-00060,2026-07-14T10:22:00,2026-07-14T10:38:31,991,NW-TWR-003,SE-TWR-003,VOICE,COMPLETED,Y,4G,-78.9,178.56,Northwest
CDR-0000103,SUB-00052,2026-07-14T18:41:00,2026-07-14T19:00:24,1164,SE-TWR-003,MW-TWR-001,VOLTE,COMPLETED,N,5G,-99.49,116.15,Southeast
CDR-0000104,SUB-00022,2026-07-10T09:41:00,2026-07-10T09:46:45,345,MW-TWR-003,SW-TWR-001,VOICE,COMPLETED,N,5G,-101.46,276.81,Midwest
CDR-0000105,SUB-00073,2026-07-21T15:23:00,2026-07-21T15:47:10,1450,NW-TWR-003,MW-TWR-002,VIDEO,COMPLETED,Y,4G,-73.95,66.96,Northwest
CDR-0000106,SUB-00013,2026-07-26T08:44:00,2026-07-26T08:50:39,399,SW-TWR-001,SE-TWR-003,VOICE,COMPLETED,Y,5G,-74.98,133.01,Southwest
CDR-0000107,SUB-00008,2026-07-19T14:43:00,2026-07-19T15:02:12,1152,SW-TWR-003,NW-TWR-003,VIDEO,DROPPED,N,5G,-117.51,183.49,Southwest
CDR-0000108,SUB-00092,2026-07-12T02:33:00,2026-07-12T02:37:46,286,SW-TWR-003,SW-TWR-002,VOICE,COMPLETED,N,5G,-99.37,153.17,Southwest
CDR-0000109,SUB-00021,2026-07-07T09:32:00,2026-07-07T09:56:17,1457,SE-TWR-002,NW-TWR-002,VOLTE,COMPLETED,N,5G,-105.02,36.48,Southeast
CDR-0000110,SUB-00078,2026-07-23T04:46:00,2026-07-23T04:55:11,551,NW-TWR-003,SE-TWR-001,VOLTE,COMPLETED,N,4G,-67.32,78.12,Northwest
CDR-0000111,SUB-00069,2026-07-26T10:18:00,2026-07-26T10:20:13,133,SW-TWR-002,SW-TWR-002,VOLTE,COMPLETED,N,5G,-87.83,72.58,Southwest
CDR-0000112,SUB-00014,2026-07-05T08:10:00,2026-07-05T08:33:36,1416,SW-TWR-001,SE-TWR-001,VIDEO,COMPLETED,N,5G,-115.97,35.79,Southwest
CDR-0000113,SUB-00066,2026-07-17T11:28:00,2026-07-17T11:48:44,1244,SW-TWR-003,NW-TWR-001,VIDEO,COMPLETED,N,5G,-79.5,86.42,Southwest
CDR-0000114,SUB-00046,2026-07-11T08:00:00,2026-07-11T08:22:54,1374,SW-TWR-003,SW-TWR-002,VOLTE,COMPLETED,N,5G,-102.03,153.8,Southwest
CDR-0000115,SUB-00047,2026-07-07T17:52:00,2026-07-07T18:20:23,1703,NW-TWR-003,SE-TWR-002,VOICE,COMPLETED,N,4G,-103.28,123.92,Northwest
CDR-0000116,SUB-00024,2026-07-03T05:04:00,2026-07-03T05:29:27,1527,SE-TWR-002,SW-TWR-003,VOLTE,COMPLETED,N,5G,-102.08,99.5,Southeast
CDR-0000117,SUB-00015,2026-07-28T19:11:00,2026-07-28T19:33:46,1366,SW-TWR-001,MW-TWR-001,VOLTE,COMPLETED,N,5G,-106.02,277.13,Southwest
CDR-0000118,SUB-00004,2026-07-28T22:00:00,2026-07-28T22:26:52,1612,SW-TWR-002,MW-TWR-003,VOICE,COMPLETED,N,5G,-91.07,214.5,Southwest
CDR-0000119,SUB-00087,2026-07-01T11:37:00,2026-07-01T11:46:16,556,SW-TWR-003,SW-TWR-003,VIDEO,COMPLETED,N,5G,-71.91,212.26,Southwest
CDR-0000120,SUB-00041,2026-07-23T09:28:00,2026-07-23T09:39:19,679,MW-TWR-001,NW-TWR-001,VIDEO,DROPPED,N,5G,-107.87,159.45,Midwest
CDR-0000121,SUB-00016,2026-07-21T03:35:00,2026-07-21T03:36:55,115,MW-TWR-001,NW-TWR-003,VOICE,COMPLETED,N,5G,-97.48,247.55,Midwest
CDR-0000122,SUB-00070,2026-07-02T00:45:00,2026-07-02T01:10:38,1538,NW-TWR-001,SE-TWR-002,VIDEO,COMPLETED,N,5G,-110.79,253.12,Northwest
CDR-0000123,SUB-00044,2026-07-02T16:10:00,2026-07-02T16:22:01,721,NW-TWR-002,NW-TWR-003,VOLTE,COMPLETED,N,5G,-104.6,78.13,Northwest
CDR-0000124,SUB-00100,2026-07-18T06:51:00,2026-07-18T07:16:37,1537,SE-TWR-003,MW-TWR-003,VOICE,COMPLETED,N,5G,-78.14,29.6,Southeast
CDR-0000125,SUB-00046,2026-07-04T05:05:00,2026-07-04T05:05:21,21,NW-TWR-002,SE-TWR-001,VOICE,COMPLETED,N,5G,-121.43,226.3,Northwest
CDR-0000126,SUB-00084,2026-07-27T22:13:00,2026-07-27T22:31:36,1116,SW-TWR-002,SE-TWR-003,VOLTE,COMPLETED,Y,5G,-83.55,224.79,Southwest
CDR-0000127,SUB-00085,2026-07-09T18:16:00,2026-07-09T18:23:04,424,SE-TWR-003,NW-TWR-003,VIDEO,COMPLETED,N,5G,-109.77,191.39,Southeast
CDR-0000128,SUB-00011,2026-07-04T09:35:00,2026-07-04T09:38:49,229,MW-TWR-001,SW-TWR-003,VOLTE,COMPLETED,N,5G,-67.65,214.68,Midwest
CDR-0000129,SUB-00058,2026-07-01T12:24:00,2026-07-01T12:46:31,1351,SW-TWR-001,SW-TWR-003,VOLTE,COMPLETED,Y,5G,-67.15,120.15,Southwest
CDR-0000130,SUB-00016,2026-07-17T21:49:00,2026-07-17T21:56:47,467,SW-TWR-003,NW-TWR-002,VOLTE,COMPLETED,N,5G,-97.4,278.59,Southwest
CDR-0000131,SUB-00025,2026-07-13T07:46:00,2026-07-13T08:04:23,1103,NW-TWR-001,SE-TWR-002,VIDEO,COMPLETED,N,5G,-69.6,256.46,Northwest
CDR-0000132,SUB-00100,2026-07-11T17:21:00,2026-07-11T17:44:34,1414,SE-TWR-003,SE-TWR-002,VOLTE,COMPLETED,N,5G,-110.33,243.97,Southeast
CDR-0000133,SUB-00045,2026-07-02T16:57:00,2026-07-02T17:20:01,1381,SE-TWR-002,MW-TWR-001,VIDEO,COMPLETED,Y,5G,-82.19,232.92,Southeast
CDR-0000134,SUB-00035,2026-07-22T08:39:00,2026-07-22T08:39:39,39,SW-TWR-002,SW-TWR-003,VIDEO,COMPLETED,N,5G,-65.81,250.56,Southwest
CDR-0000135,SUB-00043,2026-07-14T12:54:00,2026-07-14T13:10:47,1007,SE-TWR-003,MW-TWR-001,VIDEO,COMPLETED,N,5G,-121.5,141.52,Southeast
CDR-0000136,SUB-00045,2026-07-28T02:08:00,2026-07-28T02:14:41,401,MW-TWR-003,NW-TWR-002,VOLTE,COMPLETED,N,5G,-103.78,213.46,Midwest
CDR-0000137,SUB-00064,2026-07-14T04:53:00,2026-07-14T04:54:50,110,NW-TWR-001,NW-TWR-002,VOLTE,COMPLETED,N,5G,-74.88,82.45,Northwest
CDR-0000138,SUB-00099,2026-07-17T13:39:00,2026-07-17T14:02:43,1423,MW-TWR-003,NW-TWR-001,VIDEO,COMPLETED,N,5G,-123.7,202.21,Midwest
CDR-0000139,SUB-00072,2026-07-21T02:24:00,2026-07-21T02:32:04,484,SW-TWR-002,MW-TWR-001,VIDEO,COMPLETED,Y,5G,-113.08,39.49,Southwest
CDR-0000140,SUB-00086,2026-07-07T09:53:00,2026-07-07T10:12:34,1174,SE-TWR-002,SW-TWR-001,VOLTE,COMPLETED,N,5G,-101.9,246.88,Southeast
CDR-0000141,SUB-00058,2026-07-27T11:35:00,2026-07-27T11:57:57,1377,SW-TWR-002,MW-TWR-002,VOLTE,DROPPED,N,5G,-92.61,31.82,Southwest
CDR-0000142,SUB-00008,2026-07-21T10:38:00,2026-07-21T10:59:04,1264,NW-TWR-003,SE-TWR-003,VOICE,COMPLETED,N,4G,-115.65,227.31,Northwest
CDR-0000143,SUB-00022,2026-07-25T13:40:00,2026-07-25T14:03:48,1428,NW-TWR-003,SW-TWR-003,VIDEO,COMPLETED,N,4G,-113.35,149.55,Northwest
CDR-0000144,SUB-00015,2026-07-23T00:17:00,2026-07-23T00:45:26,1706,SE-TWR-002,NW-TWR-003,VOICE,COMPLETED,N,5G,-115.85,235.79,Southeast
CDR-0000145,SUB-00028,2026-07-06T09:18:00,2026-07-06T09:34:27,987,MW-TWR-002,NW-TWR-001,VOICE,COMPLETED,N,5G,-86.16,125.37,Midwest
CDR-0000146,SUB-00091,2026-07-13T11:35:00,2026-07-13T11:59:33,1473,MW-TWR-003,NW-TWR-001,VOLTE,COMPLETED,N,5G,-71.23,92.66,Midwest
CDR-0000147,SUB-00089,2026-07-09T08:06:00,2026-07-09T08:33:51,1671,NW-TWR-001,SE-TWR-002,VOLTE,COMPLETED,Y,5G,-72.98,234.45,Northwest
CDR-0000148,SUB-00011,2026-07-01T04:46:00,2026-07-01T04:55:50,590,MW-TWR-001,SW-TWR-003,VOLTE,FAILED,Y,5G,-114.39,18.05,Midwest
CDR-0000149,SUB-00093,2026-07-16T10:06:00,2026-07-16T10:19:03,783,NW-TWR-001,SE-TWR-002,VIDEO,FAILED,N,5G,-70.91,146.11,Northwest
CDR-0000150,SUB-00060,2026-07-17T09:24:00,2026-07-17T09:26:19,139,NW-TWR-001,MW-TWR-001,VIDEO,COMPLETED,N,5G,-99.78,52.67,Northwest
CDR-0000151,SUB-00041,2026-07-04T11:22:00,2026-07-04T11:43:38,1298,NW-TWR-003,SW-TWR-002,VOLTE,COMPLETED,N,4G,-88.26,104.71,Northwest
CDR-0000152,SUB-00073,2026-07-01T11:42:00,2026-07-01T11:48:55,415,SW-TWR-003,SE-TWR-002,VIDEO,FAILED,N,5G,-103.21,257.75,Southwest
CDR-0000153,SUB-00072,2026-07-02T02:29:00,2026-07-02T02:47:29,1109,NW-TWR-002,SE-TWR-001,VOICE,COMPLETED,N,5G,-88.11,154.25,Northwest
CDR-0000154,SUB-00051,2026-07-27T20:46:00,2026-07-27T20:56:46,646,MW-TWR-001,SW-TWR-003,VOICE,COMPLETED,N,5G,-101.21,199.94,Midwest
CDR-0000155,SUB-00010,2026-07-08T03:46:00,2026-07-08T04:01:29,929,SE-TWR-001,NW-TWR-001,VIDEO,COMPLETED,N,5G,-117.86,38.05,Southeast
CDR-0000156,SUB-00074,2026-07-16T02:10:00,2026-07-16T02:37:10,1630,SW-TWR-001,SE-TWR-001,VOICE,COMPLETED,N,5G,-98.55,41.02,Southwest
CDR-0000157,SUB-00042,2026-07-28T09:12:00,2026-07-28T09:17:31,331,MW-TWR-002,SE-TWR-002,VOLTE,COMPLETED,Y,5G,-117.33,249.3,Midwest
CDR-0000158,SUB-00013,2026-07-13T04:57:00,2026-07-13T05:20:20,1400,NW-TWR-003,MW-TWR-003,VOICE,COMPLETED,N,4G,-68.64,224.84,Northwest
CDR-0000159,SUB-00044,2026-07-20T12:56:00,2026-07-20T13:21:10,1510,MW-TWR-001,MW-TWR-002,VOLTE,COMPLETED,N,5G,-99.38,245.86,Midwest
CDR-0000160,SUB-00061,2026-07-22T13:11:00,2026-07-22T13:32:00,1260,MW-TWR-003,NW-TWR-002,VOICE,COMPLETED,Y,5G,-123.76,117.96,Midwest
CDR-0000161,SUB-00003,2026-07-14T02:46:00,2026-07-14T02:48:52,172,NW-TWR-003,SW-TWR-001,VOLTE,COMPLETED,N,4G,-87.01,56.73,Northwest
CDR-0000162,SUB-00058,2026-07-17T09:31:00,2026-07-17T09:56:20,1520,SW-TWR-003,NW-TWR-002,VIDEO,COMPLETED,N,5G,-85.32,166.66,Southwest
CDR-0000163,SUB-00066,2026-07-10T20:50:00,2026-07-10T20:57:46,466,SE-TWR-002,MW-TWR-001,VOLTE,COMPLETED,N,5G,-81.96,112.59,Southeast
CDR-0000164,SUB-00097,2026-07-17T13:35:00,2026-07-17T13:56:32,1292,NW-TWR-002,SW-TWR-003,VIDEO,COMPLETED,N,5G,-101.03,215.87,Northwest
CDR-0000165,SUB-00032,2026-07-28T13:52:00,2026-07-28T14:05:24,804,SW-TWR-002,SE-TWR-002,VOICE,COMPLETED,N,5G,-82.85,135.65,Southwest
CDR-0000166,SUB-00032,2026-07-07T23:07:00,2026-07-07T23:23:59,1019,SW-TWR-003,NW-TWR-002,VOLTE,COMPLETED,N,5G,-67.93,155.68,Southwest
CDR-0000167,SUB-00003,2026-07-10T04:14:00,2026-07-10T04:31:08,1028,MW-TWR-001,MW-TWR-001,VOLTE,COMPLETED,Y,5G,-118.09,89.47,Midwest
CDR-0000168,SUB-00084,2026-07-21T18:33:00,2026-07-21T18:44:48,708,SE-TWR-003,SW-TWR-003,VOLTE,COMPLETED,N,5G,-82.05,235.41,Southeast
CDR-0000169,SUB-00089,2026-07-10T08:34:00,2026-07-10T08:39:30,330,MW-TWR-002,SW-TWR-001,VOICE,COMPLETED,N,5G,-120.48,46.31,Midwest
CDR-0000170,SUB-00042,2026-07-06T14:02:00,2026-07-06T14:27:43,1543,SW-TWR-003,SE-TWR-002,VOICE,COMPLETED,N,5G,-97.13,50.33,Southwest
CDR-0000171,SUB-00053,2026-07-27T08:29:00,2026-07-27T08:39:37,637,SE-TWR-002,SW-TWR-003,VOICE,COMPLETED,Y,5G,-92.77,16.47,Southeast
CDR-0000172,SUB-00094,2026-07-24T06:10:00,2026-07-24T06:34:12,1452,NW-TWR-003,SW-TWR-001,VOICE,DROPPED,N,4G,-78.41,241.92,Northwest
CDR-0000173,SUB-00092,2026-07-04T09:36:00,2026-07-04T09:47:29,689,NW-TWR-001,SE-TWR-002,VOICE,COMPLETED,N,5G,-84.68,167.47,Northwest
CDR-0000174,SUB-00091,2026-07-22T08:48:00,2026-07-22T09:03:09,909,NW-TWR-001,NW-TWR-003,VOLTE,COMPLETED,N,5G,-117.92,189.73,Northwest
CDR-0000175,SUB-00090,2026-07-11T15:29:00,2026-07-11T15:36:13,433,MW-TWR-001,SE-TWR-001,VIDEO,COMPLETED,Y,5G,-69.64,239.31,Midwest
CDR-0000176,SUB-00099,2026-07-18T23:00:00,2026-07-18T23:24:22,1462,SE-TWR-003,SW-TWR-001,VOICE,COMPLETED,N,5G,-115.03,136.04,Southeast
CDR-0000177,SUB-00051,2026-07-05T04:38:00,2026-07-05T04:59:45,1305,SE-TWR-002,NW-TWR-003,VOICE,COMPLETED,N,5G,-88.26,142.71,Southeast
CDR-0000178,SUB-00030,2026-07-11T10:08:00,2026-07-11T10:14:28,388,SW-TWR-001,SE-TWR-001,VIDEO,COMPLETED,N,5G,-116.68,188.24,Southwest
CDR-0000179,SUB-00014,2026-07-18T08:00:00,2026-07-18T08:15:55,955,SW-TWR-002,SW-TWR-003,VIDEO,COMPLETED,N,5G,-67.14,88.4,Southwest
CDR-0000180,SUB-00078,2026-07-06T04:54:00,2026-07-06T05:03:23,563,NW-TWR-002,SE-TWR-001,VIDEO,COMPLETED,N,5G,-83.54,242.01,Northwest
CDR-0000181,SUB-00062,2026-07-15T18:33:00,2026-07-15T18:33:54,54,SE-TWR-003,SE-TWR-003,VOLTE,COMPLETED,N,5G,-104.86,95.89,Southeast
CDR-0000182,SUB-00039,2026-07-22T08:11:00,2026-07-22T08:12:52,112,SW-TWR-002,MW-TWR-002,VIDEO,COMPLETED,N,5G,-123.93,239.06,Southwest
CDR-0000183,SUB-00030,2026-07-06T03:44:00,2026-07-06T04:05:20,1280,SE-TWR-003,SE-TWR-001,VIDEO,COMPLETED,N,5G,-95.67,202.07,Southeast
CDR-0000184,SUB-00063,2026-07-19T11:02:00,2026-07-19T11:08:39,399,SE-TWR-002,NW-TWR-002,VOICE,COMPLETED,N,5G,-85.28,15.75,Southeast
CDR-0000185,SUB-00092,2026-07-05T21:48:00,2026-07-05T21:57:23,563,SE-TWR-002,SW-TWR-003,VOLTE,COMPLETED,N,5G,-114.6,208.08,Southeast
CDR-0000186,SUB-00095,2026-07-18T04:09:00,2026-07-18T04:17:15,495,SE-TWR-002,NW-TWR-001,VOLTE,COMPLETED,N,5G,-121.25,257.41,Southeast
CDR-0000187,SUB-00025,2026-07-24T22:12:00,2026-07-24T22:33:43,1303,MW-TWR-003,NW-TWR-002,VOLTE,COMPLETED,N,5G,-81.59,194.07,Midwest
CDR-0000188,SUB-00077,2026-07-22T18:06:00,2026-07-22T18:20:47,887,MW-TWR-002,NW-TWR-001,VOLTE,COMPLETED,N,5G,-67.14,88.55,Midwest
CDR-0000189,SUB-00026,2026-07-14T10:30:00,2026-07-14T10:42:45,765,SE-TWR-002,SE-TWR-001,VIDEO,COMPLETED,N,5G,-93.48,102.38,Southeast
CDR-0000190,SUB-00063,2026-07-15T05:20:00,2026-07-15T05:23:58,238,MW-TWR-003,SW-TWR-003,VOICE,COMPLETED,N,5G,-69.74,156.62,Midwest
CDR-0000191,SUB-00095,2026-07-12T16:12:00,2026-07-12T16:38:45,1605,SW-TWR-001,SE-TWR-002,VIDEO,COMPLETED,N,5G,-73.61,270.58,Southwest
CDR-0000192,SUB-00005,2026-07-01T22:01:00,2026-07-01T22:05:19,259,SE-TWR-002,NW-TWR-002,VOICE,COMPLETED,N,5G,-96.85,188.68,Southeast
CDR-0000193,SUB-00076,2026-07-23T14:56:00,2026-07-23T15:18:26,1346,MW-TWR-002,SE-TWR-001,VOLTE,COMPLETED,Y,5G,-93.35,96.0,Midwest
CDR-0000194,SUB-00071,2026-07-07T18:49:00,2026-07-07T19:04:25,925,SW-TWR-003,MW-TWR-002,VIDEO,COMPLETED,N,5G,-124.95,32.69,Southwest
CDR-0000195,SUB-00076,2026-07-19T15:18:00,2026-07-19T15:46:09,1689,MW-TWR-002,NW-TWR-002,VIDEO,FAILED,N,5G,-72.27,181.66,Midwest
CDR-0000196,SUB-00001,2026-07-08T13:51:00,2026-07-08T14:19:16,1696,SE-TWR-002,NW-TWR-003,VOICE,COMPLETED,N,5G,-120.06,32.6,Southeast
CDR-0000197,SUB-00056,2026-07-05T05:24:00,2026-07-05T05:35:15,675,NW-TWR-003,SE-TWR-002,VIDEO,COMPLETED,N,4G,-67.98,16.66,Northwest
CDR-0000198,SUB-00040,2026-07-13T02:04:00,2026-07-13T02:21:42,1062,SW-TWR-003,SW-TWR-003,VIDEO,COMPLETED,N,5G,-99.87,143.06,Southwest
CDR-0000199,SUB-00042,2026-07-08T02:37:00,2026-07-08T02:54:40,1060,SE-TWR-001,NW-TWR-002,VOICE,COMPLETED,N,5G,-67.03,232.1,Southeast
CDR-0000200,SUB-00045,2026-07-01T18:00:00,2026-07-01T18:18:30,1110,SE-TWR-002,SE-TWR-003,VIDEO,COMPLETED,N,5G,-77.75,96.44,Southeast
CDR-0000201,SUB-00085,2026-07-14T09:48:00,2026-07-14T10:06:52,1132,MW-TWR-001,NW-TWR-001,VOICE,COMPLETED,N,5G,-100.39,97.16,Midwest
CDR-0000202,SUB-00051,2026-07-15T12:39:00,2026-07-15T12:52:43,823,SE-TWR-002,SE-TWR-001,VOLTE,COMPLETED,N,5G,-101.18,276.85,Southeast
CDR-0000203,SUB-00030,2026-07-12T15:21:00,2026-07-12T15:47:27,1587,SW-TWR-001,NW-TWR-002,VOICE,COMPLETED,N,5G,-76.48,101.41,Southwest
CDR-0000204,SUB-00081,2026-07-08T02:31:00,2026-07-08T02:45:27,867,SE-TWR-002,SW-TWR-002,VOLTE,COMPLETED,N,5G,-109.97,75.15,Southeast
CDR-0000205,SUB-00064,2026-07-02T13:09:00,2026-07-02T13:26:41,1061,MW-TWR-001,SE-TWR-003,VIDEO,DROPPED,N,5G,-90.99,254.8,Midwest
CDR-0000206,SUB-00042,2026-07-06T14:25:00,2026-07-06T14:40:54,954,SW-TWR-003,SE-TWR-003,VIDEO,COMPLETED,N,5G,-85.04,15.13,Southwest
CDR-0000207,SUB-00001,2026-07-21T19:08:00,2026-07-21T19:30:07,1327,SW-TWR-003,SW-TWR-003,VIDEO,COMPLETED,N,5G,-67.71,176.81,Southwest
CDR-0000208,SUB-00025,2026-07-20T15:14:00,2026-07-20T15:22:03,483,NW-TWR-001,MW-TWR-003,VIDEO,COMPLETED,N,5G,-69.07,64.49,Northwest
CDR-0000209,SUB-00035,2026-07-13T13:22:00,2026-07-13T13:31:35,575,NW-TWR-002,SE-TWR-003,VIDEO,COMPLETED,Y,5G,-124.64,232.18,Northwest
CDR-0000210,SUB-00024,2026-07-10T22:14:00,2026-07-10T22:20:32,392,NW-TWR-002,SW-TWR-001,VOLTE,COMPLETED,Y,5G,-103.77,157.88,Northwest
CDR-0000211,SUB-00078,2026-07-23T03:27:00,2026-07-23T03:40:23,803,SE-TWR-001,MW-TWR-002,VOICE,COMPLETED,Y,5G,-70.49,178.54,Southeast
CDR-0000212,SUB-00058,2026-07-15T00:32:00,2026-07-15T00:50:11,1091,SW-TWR-001,SW-TWR-001,VOLTE,COMPLETED,N,5G,-74.56,81.68,Southwest
CDR-0000213,SUB-00070,2026-07-18T08:57:00,2026-07-18T09:19:44,1364,SW-TWR-001,SW-TWR-002,VOICE,COMPLETED,N,5G,-108.76,94.92,Southwest
CDR-0000214,SUB-00079,2026-07-13T03:08:00,2026-07-13T03:15:46,466,MW-TWR-003,MW-TWR-003,VIDEO,COMPLETED,N,5G,-76.94,69.99,Midwest
CDR-0000215,SUB-00036,2026-07-07T18:28:00,2026-07-07T18:44:32,992,SW-TWR-003,SE-TWR-002,VIDEO,COMPLETED,N,5G,-95.54,145.37,Southwest
CDR-0000216,SUB-00012,2026-07-27T00:38:00,2026-07-27T00:53:48,948,NW-TWR-002,NW-TWR-001,VIDEO,COMPLETED,N,5G,-115.96,197.45,Northwest
CDR-0000217,SUB-00019,2026-07-06T11:45:00,2026-07-06T11:58:25,805,SW-TWR-002,NW-TWR-003,VOLTE,COMPLETED,N,5G,-122.88,84.24,Southwest
CDR-0000218,SUB-00034,2026-07-26T13:08:00,2026-07-26T13:11:25,205,SE-TWR-002,SE-TWR-003,VOICE,COMPLETED,N,5G,-83.41,81.39,Southeast
CDR-0000219,SUB-00073,2026-07-22T08:39:00,2026-07-22T09:03:05,1445,SW-TWR-003,NW-TWR-002,VOICE,COMPLETED,N,5G,-68.59,95.34,Southwest
CDR-0000220,SUB-00024,2026-07-02T15:53:00,2026-07-02T16:21:21,1701,MW-TWR-001,NW-TWR-002,VIDEO,COMPLETED,Y,5G,-70.32,263.66,Midwest
CDR-0000221,SUB-00033,2026-07-28T04:43:00,2026-07-28T05:05:48,1368,NW-TWR-001,SW-TWR-003,VOICE,COMPLETED,N,5G,-117.52,27.87,Northwest
CDR-0000222,SUB-00029,2026-07-23T05:36:00,2026-07-23T05:59:45,1425,SE-TWR-001,NW-TWR-003,VOICE,COMPLETED,N,5G,-81.84,46.92,Southeast
CDR-0000223,SUB-00052,2026-07-09T06:47:00,2026-07-09T07:05:47,1127,SE-TWR-003,SE-TWR-002,VIDEO,COMPLETED,N,5G,-101.05,117.58,Southeast
CDR-0000224,SUB-00058,2026-07-28T17:10:00,2026-07-28T17:33:23,1403,SW-TWR-003,SW-TWR-003,VIDEO,COMPLETED,N,5G,-68.44,178.38,Southwest
CDR-0000225,SUB-00026,2026-07-23T20:06:00,2026-07-23T20:32:36,1596,NW-TWR-003,MW-TWR-001,VOLTE,COMPLETED,N,4G,-82.77,128.69,Northwest
CDR-0000226,SUB-00085,2026-07-08T04:13:00,2026-07-08T04:27:16,856,SE-TWR-001,MW-TWR-002,VOLTE,COMPLETED,N,5G,-88.94,150.75,Southeast
CDR-0000227,SUB-00008,2026-07-04T14:22:00,2026-07-04T14:35:39,819,MW-TWR-001,MW-TWR-001,VOICE,COMPLETED,Y,5G,-91.76,245.29,Midwest
CDR-0000228,SUB-00094,2026-07-10T05:37:00,2026-07-10T06:02:55,1555,SW-TWR-001,NW-TWR-003,VIDEO,COMPLETED,N,5G,-66.45,38.6,Southwest
CDR-0000229,SUB-00067,2026-07-19T10:22:00,2026-07-19T10:28:39,399,NW-TWR-002,NW-TWR-003,VOICE,COMPLETED,N,5G,-102.97,27.75,Northwest
CDR-0000230,SUB-00029,2026-07-21T22:37:00,2026-07-21T23:00:02,1382,SE-TWR-002,SW-TWR-002,VOLTE,COMPLETED,N,5G,-115.22,146.75,Southeast
CDR-0000231,SUB-00088,2026-07-22T10:22:00,2026-07-22T10:29:08,428,SW-TWR-003,SE-TWR-003,VOLTE,COMPLETED,N,5G,-123.26,129.27,Southwest
CDR-0000232,SUB-00084,2026-07-20T02:45:00,2026-07-20T02:52:51,471,SW-TWR-001,SE-TWR-002,VIDEO,COMPLETED,N,5G,-118.0,167.59,Southwest
CDR-0000233,SUB-00073,2026-07-22T09:08:00,2026-07-22T09:30:24,1344,MW-TWR-002,NW-TWR-001,VIDEO,COMPLETED,N,5G,-107.31,190.05,Midwest
CDR-0000234,SUB-00029,2026-07-13T06:55:00,2026-07-13T07:04:55,595,MW-TWR-002,MW-TWR-002,VOLTE,COMPLETED,N,5G,-80.65,230.85,Midwest
CDR-0000235,SUB-00087,2026-07-02T09:58:00,2026-07-02T10:02:21,261,NW-TWR-001,SW-TWR-001,VOLTE,COMPLETED,N,5G,-122.05,222.06,Northwest
CDR-0000236,SUB-00086,2026-07-01T09:13:00,2026-07-01T09:24:26,686,SW-TWR-003,SE-TWR-003,VOICE,COMPLETED,N,5G,-88.17,207.58,Southwest
CDR-0000237,SUB-00095,2026-07-10T18:05:00,2026-07-10T18:18:40,820,SE-TWR-002,NW-TWR-001,VIDEO,COMPLETED,N,5G,-111.8,266.15,Southeast
CDR-0000238,SUB-00093,2026-07-13T17:22:00,2026-07-13T17:27:42,342,MW-TWR-001,NW-TWR-003,VIDEO,COMPLETED,N,5G,-73.01,160.15,Midwest
CDR-0000239,SUB-00060,2026-07-13T05:07:00,2026-07-13T05:12:34,334,SE-TWR-003,MW-TWR-002,VIDEO,COMPLETED,N,5G,-68.36,167.1,Southeast
CDR-0000240,SUB-00037,2026-07-08T17:02:00,2026-07-08T17:16:24,864,NW-TWR-001,SE-TWR-003,VOLTE,COMPLETED,N,5G,-76.06,74.24,Northwest
CDR-0000241,SUB-00034,2026-07-05T13:55:00,2026-07-05T14:05:24,624,MW-TWR-001,SE-TWR-003,VOICE,COMPLETED,N,5G,-105.57,194.04,Midwest
CDR-0000242,SUB-00007,2026-07-05T22:50:00,2026-07-05T23:12:14,1334,NW-TWR-003,NW-TWR-003,VOICE,DROPPED,N,4G,-103.41,229.87,Northwest
CDR-0000243,SUB-00044,2026-07-02T09:41:00,2026-07-02T09:57:49,1009,SW-TWR-002,SE-TWR-003,VIDEO,COMPLETED,N,5G,-90.99,243.64,Southwest
CDR-0000244,SUB-00098,2026-07-14T18:19:00,2026-07-14T18:23:18,258,MW-TWR-003,SE-TWR-003,VIDEO,COMPLETED,N,5G,-112.64,262.91,Midwest
CDR-0000245,SUB-00094,2026-07-23T04:15:00,2026-07-23T04:27:46,766,SW-TWR-001,NW-TWR-003,VOLTE,COMPLETED,N,5G,-104.88,24.9,Southwest
CDR-0000246,SUB-00068,2026-07-19T23:06:00,2026-07-19T23:12:42,402,MW-TWR-003,SW-TWR-001,VOLTE,DROPPED,N,5G,-123.46,108.77,Midwest
CDR-0000247,SUB-00041,2026-07-27T01:27:00,2026-07-27T01:55:00,1680,MW-TWR-001,NW-TWR-001,VOLTE,COMPLETED,N,5G,-99.93,158.76,Midwest
CDR-0000248,SUB-00056,2026-07-19T04:09:00,2026-07-19T04:12:45,225,NW-TWR-002,SW-TWR-003,VIDEO,COMPLETED,N,5G,-122.66,85.67,Northwest
CDR-0000249,SUB-00093,2026-07-10T05:20:00,2026-07-10T05:49:53,1793,SE-TWR-003,SW-TWR-003,VIDEO,COMPLETED,N,5G,-124.19,228.92,Southeast
CDR-0000250,SUB-00018,2026-07-25T14:13:00,2026-07-25T14:35:43,1363,SE-TWR-003,SE-TWR-001,VOLTE,COMPLETED,Y,5G,-100.12,125.88,Southeast
CDR-0000251,SUB-00085,2026-07-18T08:04:00,2026-07-18T08:11:20,440,SE-TWR-001,NW-TWR-002,VOLTE,COMPLETED,Y,5G,-90.82,269.96,Southeast
CDR-0000252,SUB-00063,2026-07-15T15:00:00,2026-07-15T15:05:38,338,SE-TWR-001,NW-TWR-003,VIDEO,COMPLETED,N,5G,-86.92,81.21,Southeast
CDR-0000253,SUB-00058,2026-07-02T07:56:00,2026-07-02T08:18:18,1338,MW-TWR-003,SE-TWR-001,VOLTE,COMPLETED,Y,5G,-94.67,255.98,Midwest
CDR-0000254,SUB-00098,2026-07-14T18:09:00,2026-07-14T18:33:08,1448,SW-TWR-001,NW-TWR-003,VOICE,COMPLETED,Y,5G,-113.58,97.45,Southwest
CDR-0000255,SUB-00041,2026-07-17T05:38:00,2026-07-17T05:51:16,796,NW-TWR-003,SE-TWR-003,VOLTE,COMPLETED,N,4G,-89.44,70.99,Northwest
CDR-0000256,SUB-00043,2026-07-08T07:50:00,2026-07-08T08:12:27,1347,SE-TWR-001,MW-TWR-003,VOICE,COMPLETED,Y,5G,-85.61,210.75,Southeast
CDR-0000257,SUB-00090,2026-07-13T19:42:00,2026-07-13T20:06:10,1450,MW-TWR-003,MW-TWR-002,VIDEO,COMPLETED,N,5G,-67.68,279.85,Midwest
CDR-0000258,SUB-00006,2026-07-26T00:49:00,2026-07-26T01:02:00,780,NW-TWR-002,MW-TWR-001,VOLTE,COMPLETED,N,5G,-118.86,149.06,Northwest
CDR-0000259,SUB-00022,2026-07-24T16:42:00,2026-07-24T17:06:20,1460,NW-TWR-003,NW-TWR-003,VIDEO,COMPLETED,N,4G,-87.33,265.28,Northwest
CDR-0000260,SUB-00011,2026-07-25T17:30:00,2026-07-25T17:46:14,974,SW-TWR-003,SE-TWR-003,VIDEO,COMPLETED,N,5G,-79.35,232.03,Southwest
CDR-0000261,SUB-00035,2026-07-17T00:10:00,2026-07-17T00:21:15,675,MW-TWR-001,SE-TWR-003,VIDEO,COMPLETED,N,5G,-85.91,57.27,Midwest
CDR-0000262,SUB-00014,2026-07-04T16:34:00,2026-07-04T16:52:07,1087,SW-TWR-001,NW-TWR-003,VOLTE,COMPLETED,N,5G,-102.91,111.51,Southwest
CDR-0000263,SUB-00012,2026-07-24T23:52:00,2026-07-25T00:15:52,1432,SW-TWR-001,MW-TWR-003,VOLTE,DROPPED,N,5G,-115.61,227.67,Southwest
CDR-0000264,SUB-00023,2026-07-01T21:24:00,2026-07-01T21:25:24,84,NW-TWR-003,SE-TWR-001,VOICE,COMPLETED,N,4G,-112.12,255.62,Northwest
CDR-0000265,SUB-00024,2026-07-04T22:22:00,2026-07-04T22:48:18,1578,MW-TWR-003,SW-TWR-003,VOICE,COMPLETED,Y,5G,-76.12,270.33,Midwest
CDR-0000266,SUB-00027,2026-07-05T09:50:00,2026-07-05T10:16:29,1589,NW-TWR-001,MW-TWR-001,VOLTE,COMPLETED,N,5G,-115.66,213.19,Northwest
CDR-0000267,SUB-00037,2026-07-08T03:57:00,2026-07-08T04:11:18,858,MW-TWR-003,SW-TWR-003,VOICE,COMPLETED,N,5G,-106.81,193.93,Midwest
CDR-0000268,SUB-00032,2026-07-20T18:27:00,2026-07-20T18:27:45,45,NW-TWR-003,SW-TWR-002,VOLTE,COMPLETED,N,4G,-95.87,224.88,Northwest
CDR-0000269,SUB-00025,2026-07-19T18:12:00,2026-07-19T18:21:55,595,NW-TWR-001,SW-TWR-003,VIDEO,COMPLETED,N,5G,-75.95,141.07,Northwest
CDR-0000270,SUB-00084,2026-07-22T19:46:00,2026-07-22T20:13:37,1657,MW-TWR-003,MW-TWR-002,VOLTE,COMPLETED,N,5G,-124.33,245.62,Midwest
CDR-0000271,SUB-00094,2026-07-03T20:38:00,2026-07-03T20:49:39,699,MW-TWR-002,SW-TWR-002,VOLTE,COMPLETED,N,5G,-91.76,254.12,Midwest
CDR-0000272,SUB-00009,2026-07-28T21:50:00,2026-07-28T22:04:44,884,MW-TWR-002,SE-TWR-001,VOLTE,COMPLETED,N,5G,-116.11,229.4,Midwest
CDR-0000273,SUB-00018,2026-07-23T05:08:00,2026-07-23T05:32:53,1493,SE-TWR-001,SW-TWR-003,VOLTE,COMPLETED,N,5G,-105.76,176.09,Southeast
CDR-0000274,SUB-00064,2026-07-19T17:01:00,2026-07-19T17:15:59,899,MW-TWR-002,NW-TWR-003,VOLTE,COMPLETED,Y,5G,-121.79,271.23,Midwest
CDR-0000275,SUB-00092,2026-07-18T21:37:00,2026-07-18T21:38:27,87,SE-TWR-001,MW-TWR-003,VIDEO,COMPLETED,Y,5G,-74.32,259.67,Southeast
CDR-0000276,SUB-00040,2026-07-14T19:18:00,2026-07-14T19:47:53,1793,MW-TWR-002,SE-TWR-001,VOICE,COMPLETED,N,5G,-90.24,109.06,Midwest
CDR-0000277,SUB-00096,2026-07-06T11:59:00,2026-07-06T12:07:04,484,NW-TWR-001,NW-TWR-002,VOICE,COMPLETED,N,5G,-111.76,196.27,Northwest
CDR-0000278,SUB-00044,2026-07-23T21:41:00,2026-07-23T21:43:17,137,SE-TWR-001,SE-TWR-002,VOICE,COMPLETED,N,5G,-78.86,268.41,Southeast
CDR-0000279,SUB-00053,2026-07-11T18:34:00,2026-07-11T18:58:55,1495,SW-TWR-002,NW-TWR-003,VOICE,COMPLETED,N,5G,-110.78,165.44,Southwest
CDR-0000280,SUB-00069,2026-07-26T06:20:00,2026-07-26T06:34:23,863,SW-TWR-001,NW-TWR-003,VOICE,COMPLETED,Y,5G,-118.01,176.67,Southwest
CDR-0000281,SUB-00026,2026-07-16T20:46:00,2026-07-16T20:53:07,427,NW-TWR-003,SE-TWR-003,VOLTE,DROPPED,Y,4G,-105.57,89.24,Northwest
CDR-0000282,SUB-00068,2026-07-15T19:54:00,2026-07-15T19:55:19,79,NW-TWR-002,SW-TWR-003,VOLTE,COMPLETED,Y,5G,-81.39,81.63,Northwest
CDR-0000283,SUB-00001,2026-07-19T10:43:00,2026-07-19T11:08:21,1521,SW-TWR-002,SE-TWR-002,VOLTE,DROPPED,N,5G,-119.73,162.22,Southwest
CDR-0000284,SUB-00015,2026-07-28T12:05:00,2026-07-28T12:12:16,436,SW-TWR-003,MW-TWR-002,VIDEO,COMPLETED,N,5G,-77.85,27.98,Southwest
CDR-0000285,SUB-00056,2026-07-14T16:13:00,2026-07-14T16:19:52,412,MW-TWR-002,MW-TWR-003,VIDEO,COMPLETED,N,5G,-119.0,47.58,Midwest
CDR-0000286,SUB-00040,2026-07-16T00:12:00,2026-07-16T00:29:51,1071,NW-TWR-001,SE-TWR-003,VOLTE,COMPLETED,N,5G,-114.86,220.38,Northwest
CDR-0000287,SUB-00042,2026-07-14T12:21:00,2026-07-14T12:41:33,1233,SW-TWR-003,MW-TWR-001,VOICE,COMPLETED,N,5G,-71.87,195.97,Southwest
CDR-0000288,SUB-00055,2026-07-08T23:11:00,2026-07-08T23:14:08,188,SE-TWR-001,SE-TWR-003,VIDEO,COMPLETED,Y,5G,-78.88,78.37,Southeast
CDR-0000289,SUB-00063,2026-07-20T11:13:00,2026-07-20T11:40:54,1674,SE-TWR-002,NW-TWR-002,VOLTE,DROPPED,N,5G,-122.2,164.53,Southeast
CDR-0000290,SUB-00025,2026-07-26T10:45:00,2026-07-26T10:57:31,751,SE-TWR-003,SE-TWR-001,VIDEO,COMPLETED,N,5G,-84.44,220.07,Southeast
CDR-0000291,SUB-00059,2026-07-07T04:45:00,2026-07-07T05:02:18,1038,NW-TWR-001,NW-TWR-001,VOLTE,COMPLETED,N,5G,-106.94,265.68,Northwest
CDR-0000292,SUB-00005,2026-07-10T17:44:00,2026-07-10T17:51:26,446,SE-TWR-002,NW-TWR-003,VOICE,FAILED,N,5G,-92.1,150.66,Southeast
CDR-0000293,SUB-00002,2026-07-04T10:16:00,2026-07-04T10:36:10,1210,MW-TWR-002,NW-TWR-002,VOICE,COMPLETED,N,5G,-66.9,185.05,Midwest
CDR-0000294,SUB-00064,2026-07-18T04:03:00,2026-07-18T04:24:38,1298,SE-TWR-001,MW-TWR-002,VOLTE,COMPLETED,Y,5G,-96.51,163.83,Southeast
CDR-0000295,SUB-00092,2026-07-19T22:31:00,2026-07-19T22:58:42,1662,MW-TWR-002,MW-TWR-003,VOICE,COMPLETED,N,5G,-118.42,96.62,Midwest
CDR-0000296,SUB-00100,2026-07-14T09:49:00,2026-07-14T10:15:13,1573,SE-TWR-001,NW-TWR-003,VIDEO,COMPLETED,N,5G,-70.56,146.47,Southeast
CDR-0000297,SUB-00050,2026-07-23T16:30:00,2026-07-23T16:49:23,1163,NW-TWR-002,NW-TWR-001,VOICE,COMPLETED,N,5G,-91.79,108.81,Northwest
CDR-0000298,SUB-00012,2026-07-28T09:12:00,2026-07-28T09:35:56,1436,MW-TWR-001,SE-TWR-002,VOICE,COMPLETED,N,5G,-98.29,34.73,Midwest
CDR-0000299,SUB-00016,2026-07-16T14:03:00,2026-07-16T14:28:16,1516,MW-TWR-001,SE-TWR-002,VOICE,COMPLETED,Y,5G,-72.67,184.51,Midwest
CDR-0000300,SUB-00054,2026-07-25T23:55:00,2026-07-26T00:15:03,1203,SE-TWR-001,NW-TWR-002,VIDEO,COMPLETED,N,5G,-119.1,103.51,Southeast
