activity_id,subscriber_id,activity_time,activity_type,data_usage_mb,device_type,network_type,roaming_flag,tower_id,region
ACT-0000001,SUB-00067,2026-07-19T08:29:00,APP_USAGE,2994.41,IOS,5G,N,SW-TWR-003,Southwest
ACT-0000002,SUB-00057,2026-07-20T13:43:00,DEVICE_ATTACH,2182.61,IOT,4G,N,NW-TWR-003,Northwest
ACT-0000003,SUB-00073,2026-07-04T14:31:00,APP_USAGE,3511.5,IOS,5G,N,SW-TWR-002,Southwest
ACT-0000004,SUB-00048,2026-07-17T23:39:00,APP_USAGE,4519.71,HOTSPOT,5G,N,SE-TWR-002,Southeast
ACT-0000005,SUB-00036,2026-07-21T04:17:00,APP_USAGE,3327.61,IOT,5G,N,NW-TWR-001,Northwest
ACT-0000006,SUB-00037,2026-07-08T16:30:00,APP_USAGE,991.94,IOS,5G,N,SW-TWR-002,Southwest
ACT-0000007,SUB-00062,2026-07-14T11:26:00,ROAMING_EVENT,3519.84,IOT,5G,Y,NW-TWR-001,Northwest
ACT-0000008,SUB-00062,2026-07-21T20:31:00,DATA_SESSION,4627.33,IOT,5G,N,SW-TWR-001,Southwest
ACT-0000009,SUB-00092,2026-07-17T04:45:00,ROAMING_EVENT,4228.96,IOS,5G,Y,MW-TWR-002,Midwest
ACT-0000010,SUB-00026,2026-07-13T10:10:00,DATA_SESSION,735.9,HOTSPOT,5G,N,SE-TWR-002,Southeast
ACT-0000011,SUB-00077,2026-07-02T20:07:00,DEVICE_ATTACH,4658.57,HOTSPOT,4G,N,NW-TWR-003,Northwest
ACT-0000012,SUB-00071,2026-07-19T17:39:00,SMS,4898.74,HOTSPOT,5G,Y,NW-TWR-002,Northwest
ACT-0000013,SUB-00089,2026-07-03T15:55:00,ROAMING_EVENT,2940.02,HOTSPOT,5G,Y,MW-TWR-002,Midwest
ACT-0000014,SUB-00086,2026-07-17T08:57:00,SMS,2980.11,HOTSPOT,5G,N,MW-TWR-002,Midwest
ACT-0000015,SUB-00069,2026-07-18T08:39:00,APP_USAGE,3654.25,IOT,4G,N,NW-TWR-003,Northwest
ACT-0000016,SUB-00004,2026-07-01T06:47:00,DATA_SESSION,3764.02,IOT,5G,N,MW-TWR-003,Midwest
ACT-0000017,SUB-00072,2026-07-16T03:53:00,DEVICE_ATTACH,1375.32,IOS,5G,N,SE-TWR-003,Southeast
ACT-0000018,SUB-00015,2026-07-18T05:28:00,APP_USAGE,2441.89,HOTSPOT,5G,N,NW-TWR-001,Northwest
ACT-0000019,SUB-00055,2026-07-02T10:46:00,DEVICE_ATTACH,1302.0,HOTSPOT,5G,N,MW-TWR-003,Midwest
ACT-0000020,SUB-00026,2026-07-01T03:00:00,ROAMING_EVENT,3144.44,IOT,5G,Y,SW-TWR-003,Southwest
ACT-0000021,SUB-00067,2026-07-10T17:06:00,APP_USAGE,4882.66,HOTSPOT,5G,N,NW-TWR-002,Northwest
ACT-0000022,SUB-00061,2026-07-13T03:35:00,DATA_SESSION,2457.1,ANDROID,5G,N,SE-TWR-003,Southeast
ACT-0000023,SUB-00042,2026-07-22T20:25:00,DEVICE_ATTACH,1613.82,HOTSPOT,4G,N,NW-TWR-003,Northwest
ACT-0000024,SUB-00075,2026-07-24T14:57:00,SMS,2188.91,HOTSPOT,4G,N,NW-TWR-003,Northwest
ACT-0000025,SUB-00019,2026-07-12T04:37:00,ROAMING_EVENT,2039.01,ANDROID,5G,Y,MW-TWR-001,Midwest
ACT-0000026,SUB-00003,2026-07-03T20:38:00,APP_USAGE,4109.75,ANDROID,5G,N,SW-TWR-003,Southwest
ACT-0000027,SUB-00066,2026-07-27T08:15:00,APP_USAGE,2248.56,IOS,5G,N,NW-TWR-002,Northwest
ACT-0000028,SUB-00033,2026-07-08T13:27:00,APP_USAGE,2828.37,ANDROID,5G,N,SE-TWR-003,Southeast
ACT-0000029,SUB-00062,2026-07-09T08:54:00,APP_USAGE,2499.08,IOT,5G,Y,NW-TWR-001,Northwest
ACT-0000030,SUB-00080,2026-07-19T23:10:00,APP_USAGE,2013.36,IOS,5G,N,SW-TWR-002,Southwest
ACT-0000031,SUB-00001,2026-07-19T10:35:00,ROAMING_EVENT,2221.47,IOS,5G,Y,NW-TWR-002,Northwest
ACT-0000032,SUB-00082,2026-07-23T14:56:00,ROAMING_EVENT,258.23,ANDROID,5G,Y,MW-TWR-002,Midwest
ACT-0000033,SUB-00042,2026-07-05T11:24:00,DATA_SESSION,2140.82,IOT,5G,Y,NW-TWR-002,Northwest
ACT-0000034,SUB-00067,2026-07-05T21:24:00,SMS,3920.11,IOT,5G,N,SE-TWR-001,Southeast
ACT-0000035,SUB-00034,2026-07-18T15:34:00,SMS,3928.66,IOT,5G,N,NW-TWR-001,Northwest
ACT-0000036,SUB-00050,2026-07-09T10:36:00,APP_USAGE,2622.0,IOS,5G,N,NW-TWR-001,Northwest
ACT-0000037,SUB-00049,2026-07-27T16:50:00,SMS,579.8,ANDROID,5G,N,SE-TWR-001,Southeast
ACT-0000038,SUB-00024,2026-07-02T04:22:00,APP_USAGE,2520.05,IOS,5G,N,SE-TWR-001,Southeast
ACT-0000039,SUB-00023,2026-07-18T02:17:00,DEVICE_ATTACH,825.71,ANDROID,5G,Y,SE-TWR-003,Southeast
ACT-0000040,SUB-00049,2026-07-08T19:32:00,SMS,1531.77,ANDROID,5G,N,MW-TWR-001,Midwest
ACT-0000041,SUB-00091,2026-07-05T16:31:00,SMS,678.09,IOT,5G,N,SE-TWR-003,Southeast
ACT-0000042,SUB-00061,2026-07-25T16:19:00,DATA_SESSION,4446.46,IOT,5G,N,SW-TWR-002,Southwest
ACT-0000043,SUB-00026,2026-07-25T16:55:00,DATA_SESSION,110.02,IOS,5G,N,MW-TWR-002,Midwest
ACT-0000044,SUB-00079,2026-07-27T16:47:00,DEVICE_ATTACH,4573.49,IOT,5G,Y,MW-TWR-002,Midwest
ACT-0000045,SUB-00015,2026-07-22T19:09:00,DEVICE_ATTACH,701.69,IOT,5G,N,SW-TWR-003,Southwest
ACT-0000046,SUB-00067,2026-07-23T04:26:00,DATA_SESSION,4511.07,IOS,5G,N,MW-TWR-002,Midwest
ACT-0000047,SUB-00019,2026-07-05T08:44:00,SMS,3062.55,HOTSPOT,5G,N,NW-TWR-001,Northwest
ACT-0000048,SUB-00052,2026-07-12T05:05:00,DEVICE_ATTACH,2971.57,IOS,5G,N,MW-TWR-002,Midwest
ACT-0000049,SUB-00026,2026-07-09T21:29:00,DEVICE_ATTACH,1894.39,ANDROID,5G,N,NW-TWR-001,Northwest
ACT-0000050,SUB-00036,2026-07-06T21:06:00,SMS,590.95,IOT,5G,N,MW-TWR-003,Midwest
ACT-0000051,SUB-00005,2026-07-02T16:21:00,ROAMING_EVENT,3044.07,HOTSPOT,5G,Y,MW-TWR-001,Midwest
ACT-0000052,SUB-00059,2026-07-20T07:19:00,DATA_SESSION,1943.91,ANDROID,5G,N,SW-TWR-003,Southwest
ACT-0000053,SUB-00091,2026-07-07T12:01:00,ROAMING_EVENT,1621.98,IOT,5G,Y,SE-TWR-003,Southeast
ACT-0000054,SUB-00090,2026-07-28T04:03:00,DATA_SESSION,4925.18,IOS,5G,N,MW-TWR-001,Midwest
ACT-0000055,SUB-00064,2026-07-06T13:31:00,DEVICE_ATTACH,3235.64,IOS,4G,N,NW-TWR-003,Northwest
ACT-0000056,SUB-00094,2026-07-08T23:09:00,APP_USAGE,883.15,HOTSPOT,5G,N,MW-TWR-001,Midwest
ACT-0000057,SUB-00054,2026-07-24T04:02:00,DATA_SESSION,4266.42,HOTSPOT,5G,N,NW-TWR-002,Northwest
ACT-0000058,SUB-00014,2026-07-28T17:37:00,DEVICE_ATTACH,3358.64,IOT,5G,N,NW-TWR-001,Northwest
ACT-0000059,SUB-00072,2026-07-06T02:13:00,APP_USAGE,3838.46,ANDROID,5G,N,SW-TWR-002,Southwest
ACT-0000060,SUB-00012,2026-07-18T12:31:00,DEVICE_ATTACH,1400.41,IOS,5G,Y,NW-TWR-001,Northwest
ACT-0000061,SUB-00036,2026-07-19T18:35:00,DATA_SESSION,1857.68,ANDROID,5G,N,SE-TWR-003,Southeast
ACT-0000062,SUB-00079,2026-07-13T20:36:00,DATA_SESSION,2519.5,ANDROID,5G,Y,SW-TWR-003,Southwest
ACT-0000063,SUB-00045,2026-07-08T08:49:00,DATA_SESSION,2306.29,IOT,5G,N,SW-TWR-001,Southwest
ACT-0000064,SUB-00055,2026-07-14T15:01:00,SMS,1013.98,HOTSPOT,5G,Y,SW-TWR-002,Southwest
ACT-0000065,SUB-00093,2026-07-18T16:52:00,DATA_SESSION,3731.55,ANDROID,5G,Y,MW-TWR-002,Midwest
ACT-0000066,SUB-00047,2026-07-12T07:11:00,SMS,4426.72,IOT,5G,N,SW-TWR-002,Southwest
ACT-0000067,SUB-00089,2026-07-28T07:33:00,DEVICE_ATTACH,3535.18,IOT,5G,N,SW-TWR-002,Southwest
ACT-0000068,SUB-00049,2026-07-04T09:05:00,DEVICE_ATTACH,4883.24,ANDROID,5G,N,MW-TWR-002,Midwest
ACT-0000069,SUB-00006,2026-07-03T04:57:00,ROAMING_EVENT,1088.04,ANDROID,5G,Y,SW-TWR-003,Southwest
ACT-0000070,SUB-00040,2026-07-14T16:07:00,APP_USAGE,996.98,ANDROID,5G,N,MW-TWR-002,Midwest
ACT-0000071,SUB-00048,2026-07-15T17:45:00,APP_USAGE,2743.98,HOTSPOT,5G,N,SW-TWR-002,Southwest
ACT-0000072,SUB-00002,2026-07-09T16:07:00,APP_USAGE,1352.69,IOS,5G,N,SW-TWR-003,Southwest
ACT-0000073,SUB-00087,2026-07-27T14:31:00,APP_USAGE,2773.07,IOT,5G,N,MW-TWR-003,Midwest
ACT-0000074,SUB-00003,2026-07-03T01:54:00,SMS,4395.46,IOT,5G,N,SE-TWR-001,Southeast
ACT-0000075,SUB-00077,2026-07-08T23:39:00,ROAMING_EVENT,3800.32,ANDROID,5G,Y,NW-TWR-001,Northwest
ACT-0000076,SUB-00060,2026-07-26T05:28:00,APP_USAGE,4209.53,IOT,5G,N,MW-TWR-003,Midwest
ACT-0000077,SUB-00026,2026-07-04T18:29:00,DEVICE_ATTACH,2169.95,ANDROID,5G,N,NW-TWR-001,Northwest
ACT-0000078,SUB-00082,2026-07-04T08:40:00,SMS,1585.73,IOS,5G,N,MW-TWR-002,Midwest
ACT-0000079,SUB-00003,2026-07-26T16:41:00,APP_USAGE,4735.94,IOT,5G,N,SW-TWR-001,Southwest
ACT-0000080,SUB-00011,2026-07-05T13:11:00,SMS,3398.6,IOT,5G,Y,NW-TWR-002,Northwest
ACT-0000081,SUB-00004,2026-07-17T03:19:00,SMS,2730.93,IOT,5G,Y,NW-TWR-002,Northwest
ACT-0000082,SUB-00037,2026-07-17T15:32:00,ROAMING_EVENT,4472.89,HOTSPOT,5G,Y,MW-TWR-001,Midwest
ACT-0000083,SUB-00001,2026-07-04T20:10:00,APP_USAGE,2135.75,HOTSPOT,5G,N,MW-TWR-002,Midwest
ACT-0000084,SUB-00088,2026-07-19T06:48:00,DEVICE_ATTACH,1089.53,IOS,5G,Y,SE-TWR-001,Southeast
ACT-0000085,SUB-00011,2026-07-02T08:53:00,APP_USAGE,2621.5,HOTSPOT,5G,N,MW-TWR-003,Midwest
ACT-0000086,SUB-00030,2026-07-05T10:02:00,DATA_SESSION,3026.98,IOT,5G,N,NW-TWR-001,Northwest
ACT-0000087,SUB-00061,2026-07-20T01:52:00,APP_USAGE,2570.54,IOS,5G,N,MW-TWR-001,Midwest
ACT-0000088,SUB-00071,2026-07-15T23:14:00,DATA_SESSION,4526.61,IOS,5G,N,SE-TWR-001,Southeast
ACT-0000089,SUB-00023,2026-07-19T02:45:00,DATA_SESSION,614.41,IOS,4G,Y,NW-TWR-003,Northwest
ACT-0000090,SUB-00038,2026-07-08T08:36:00,DEVICE_ATTACH,468.22,IOT,5G,N,MW-TWR-001,Midwest
ACT-0000091,SUB-00053,2026-07-15T15:52:00,SMS,3381.04,IOS,5G,Y,SW-TWR-001,Southwest
ACT-0000092,SUB-00070,2026-07-18T23:52:00,ROAMING_EVENT,4468.02,IOT,5G,Y,NW-TWR-002,Northwest
ACT-0000093,SUB-00045,2026-07-27T18:50:00,SMS,241.31,ANDROID,5G,N,MW-TWR-002,Midwest
ACT-0000094,SUB-00017,2026-07-02T14:05:00,DEVICE_ATTACH,2321.09,IOT,4G,N,NW-TWR-003,Northwest
ACT-0000095,SUB-00070,2026-07-23T11:23:00,DATA_SESSION,3105.02,IOS,5G,N,MW-TWR-002,Midwest
ACT-0000096,SUB-00041,2026-07-25T05:17:00,DEVICE_ATTACH,4787.45,HOTSPOT,5G,N,SE-TWR-002,Southeast
ACT-0000097,SUB-00002,2026-07-26T12:38:00,DATA_SESSION,3265.2,IOS,5G,N,MW-TWR-003,Midwest
ACT-0000098,SUB-00078,2026-07-02T07:23:00,SMS,4943.92,IOT,5G,N,SW-TWR-001,Southwest
ACT-0000099,SUB-00002,2026-07-11T00:26:00,DATA_SESSION,4159.99,IOT,4G,N,NW-TWR-003,Northwest
ACT-0000100,SUB-00055,2026-07-12T19:12:00,ROAMING_EVENT,654.66,IOT,4G,Y,NW-TWR-003,Northwest
ACT-0000101,SUB-00048,2026-07-28T19:20:00,DEVICE_ATTACH,467.09,ANDROID,5G,N,NW-TWR-001,Northwest
ACT-0000102,SUB-00014,2026-07-11T06:20:00,DEVICE_ATTACH,1629.6,ANDROID,5G,Y,SW-TWR-003,Southwest
ACT-0000103,SUB-00005,2026-07-14T07:20:00,DATA_SESSION,1212.65,IOT,5G,N,NW-TWR-001,Northwest
ACT-0000104,SUB-00051,2026-07-05T04:58:00,DATA_SESSION,3005.86,IOT,5G,Y,SE-TWR-002,Southeast
ACT-0000105,SUB-00059,2026-07-23T03:30:00,DATA_SESSION,2723.23,IOS,5G,Y,SW-TWR-001,Southwest
ACT-0000106,SUB-00001,2026-07-26T11:55:00,DEVICE_ATTACH,248.09,IOT,5G,N,MW-TWR-001,Midwest
ACT-0000107,SUB-00047,2026-07-23T20:03:00,DATA_SESSION,2161.22,HOTSPOT,5G,N,SW-TWR-002,Southwest
ACT-0000108,SUB-00056,2026-07-07T02:10:00,ROAMING_EVENT,112.65,IOS,5G,Y,SW-TWR-003,Southwest
ACT-0000109,SUB-00058,2026-07-05T15:37:00,SMS,1075.66,ANDROID,5G,N,SE-TWR-003,Southeast
ACT-0000110,SUB-00004,2026-07-25T02:00:00,SMS,4750.86,IOS,5G,N,SE-TWR-003,Southeast
ACT-0000111,SUB-00082,2026-07-14T16:01:00,DEVICE_ATTACH,4834.25,IOS,5G,N,SW-TWR-003,Southwest
ACT-0000112,SUB-00050,2026-07-28T02:32:00,DATA_SESSION,4506.55,IOT,5G,N,SE-TWR-003,Southeast
ACT-0000113,SUB-00005,2026-07-04T09:26:00,SMS,1124.51,HOTSPOT,5G,N,MW-TWR-002,Midwest
ACT-0000114,SUB-00062,2026-07-26T17:08:00,DATA_SESSION,2367.22,IOT,5G,N,NW-TWR-001,Northwest
ACT-0000115,SUB-00025,2026-07-19T04:18:00,DATA_SESSION,4385.38,HOTSPOT,5G,Y,SE-TWR-001,Southeast
ACT-0000116,SUB-00004,2026-07-02T02:58:00,DATA_SESSION,455.94,IOT,5G,N,SW-TWR-001,Southwest
ACT-0000117,SUB-00004,2026-07-08T06:07:00,ROAMING_EVENT,740.65,ANDROID,5G,Y,MW-TWR-003,Midwest
ACT-0000118,SUB-00040,2026-07-26T19:25:00,APP_USAGE,817.79,ANDROID,5G,N,SW-TWR-002,Southwest
ACT-0000119,SUB-00052,2026-07-02T18:50:00,APP_USAGE,4844.84,HOTSPOT,5G,N,SW-TWR-001,Southwest
ACT-0000120,SUB-00063,2026-07-05T00:16:00,SMS,3875.87,ANDROID,5G,N,SE-TWR-003,Southeast
ACT-0000121,SUB-00027,2026-07-06T15:28:00,ROAMING_EVENT,3100.5,IOS,5G,Y,MW-TWR-003,Midwest
ACT-0000122,SUB-00100,2026-07-17T20:23:00,DATA_SESSION,1183.69,ANDROID,5G,N,SW-TWR-002,Southwest
ACT-0000123,SUB-00012,2026-07-02T00:00:00,ROAMING_EVENT,535.64,HOTSPOT,5G,Y,SE-TWR-001,Southeast
ACT-0000124,SUB-00056,2026-07-18T08:41:00,ROAMING_EVENT,66.95,IOT,5G,Y,MW-TWR-001,Midwest
ACT-0000125,SUB-00079,2026-07-07T07:38:00,SMS,2799.08,IOT,5G,N,SE-TWR-002,Southeast
ACT-0000126,SUB-00053,2026-07-11T09:37:00,DEVICE_ATTACH,3902.68,HOTSPOT,5G,N,MW-TWR-002,Midwest
ACT-0000127,SUB-00057,2026-07-24T09:34:00,APP_USAGE,1627.6,HOTSPOT,5G,N,MW-TWR-003,Midwest
ACT-0000128,SUB-00002,2026-07-03T02:54:00,ROAMING_EVENT,880.29,IOT,5G,Y,SW-TWR-003,Southwest
ACT-0000129,SUB-00036,2026-07-27T10:12:00,ROAMING_EVENT,754.54,IOT,5G,Y,SE-TWR-001,Southeast
ACT-0000130,SUB-00097,2026-07-09T07:22:00,SMS,1309.91,IOS,5G,N,MW-TWR-001,Midwest
ACT-0000131,SUB-00043,2026-07-05T11:52:00,DEVICE_ATTACH,1794.19,HOTSPOT,4G,N,NW-TWR-003,Northwest
ACT-0000132,SUB-00068,2026-07-06T04:36:00,DEVICE_ATTACH,2939.67,IOS,5G,N,MW-TWR-003,Midwest
ACT-0000133,SUB-00008,2026-07-03T22:40:00,DATA_SESSION,282.43,ANDROID,5G,N,SE-TWR-001,Southeast
ACT-0000134,SUB-00026,2026-07-09T11:56:00,APP_USAGE,3908.26,IOS,5G,Y,MW-TWR-003,Midwest
ACT-0000135,SUB-00013,2026-07-27T13:50:00,DATA_SESSION,2198.88,IOT,5G,N,MW-TWR-003,Midwest
ACT-0000136,SUB-00079,2026-07-20T08:00:00,ROAMING_EVENT,291.84,IOT,5G,Y,NW-TWR-002,Northwest
ACT-0000137,SUB-00083,2026-07-04T07:34:00,DEVICE_ATTACH,2842.79,IOT,5G,Y,MW-TWR-003,Midwest
ACT-0000138,SUB-00026,2026-07-08T23:28:00,DATA_SESSION,357.19,IOT,5G,N,SE-TWR-003,Southeast
ACT-0000139,SUB-00063,2026-07-09T23:35:00,ROAMING_EVENT,228.7,IOS,5G,Y,MW-TWR-001,Midwest
ACT-0000140,SUB-00016,2026-07-22T06:43:00,SMS,2029.46,IOT,5G,N,MW-TWR-003,Midwest
ACT-0000141,SUB-00064,2026-07-05T04:09:00,ROAMING_EVENT,352.35,IOS,5G,Y,NW-TWR-002,Northwest
ACT-0000142,SUB-00067,2026-07-04T13:56:00,ROAMING_EVENT,4485.52,IOS,5G,Y,SW-TWR-003,Southwest
ACT-0000143,SUB-00061,2026-07-10T03:00:00,SMS,2901.48,ANDROID,5G,N,MW-TWR-001,Midwest
ACT-0000144,SUB-00005,2026-07-15T19:48:00,SMS,3625.15,HOTSPOT,5G,N,SE-TWR-003,Southeast
ACT-0000145,SUB-00012,2026-07-09T19:08:00,APP_USAGE,3503.86,ANDROID,5G,N,SW-TWR-001,Southwest
ACT-0000146,SUB-00038,2026-07-12T18:40:00,APP_USAGE,2354.68,IOS,5G,N,SW-TWR-001,Southwest
ACT-0000147,SUB-00022,2026-07-28T06:05:00,ROAMING_EVENT,1123.6,IOT,5G,Y,SE-TWR-003,Southeast
ACT-0000148,SUB-00043,2026-07-14T08:59:00,DATA_SESSION,714.73,ANDROID,5G,N,MW-TWR-003,Midwest
ACT-0000149,SUB-00061,2026-07-02T15:17:00,ROAMING_EVENT,1706.52,IOS,5G,Y,MW-TWR-002,Midwest
ACT-0000150,SUB-00084,2026-07-11T09:42:00,DEVICE_ATTACH,4650.12,IOT,5G,N,MW-TWR-002,Midwest
ACT-0000151,SUB-00061,2026-07-23T21:25:00,DATA_SESSION,3686.37,IOS,5G,Y,NW-TWR-002,Northwest
ACT-0000152,SUB-00024,2026-07-18T04:36:00,APP_USAGE,4833.17,ANDROID,5G,Y,SE-TWR-002,Southeast
ACT-0000153,SUB-00022,2026-07-16T11:26:00,ROAMING_EVENT,448.26,IOT,5G,Y,MW-TWR-003,Midwest
ACT-0000154,SUB-00002,2026-07-28T21:27:00,DATA_SESSION,1201.69,HOTSPOT,5G,N,SE-TWR-001,Southeast
ACT-0000155,SUB-00068,2026-07-09T13:02:00,DEVICE_ATTACH,3673.5,IOT,4G,N,NW-TWR-003,Northwest
ACT-0000156,SUB-00022,2026-07-03T08:41:00,ROAMING_EVENT,1857.75,ANDROID,5G,Y,MW-TWR-002,Midwest
ACT-0000157,SUB-00029,2026-07-03T00:44:00,DATA_SESSION,2932.0,IOT,5G,N,MW-TWR-001,Midwest
ACT-0000158,SUB-00073,2026-07-22T04:27:00,ROAMING_EVENT,2428.34,HOTSPOT,5G,Y,SE-TWR-003,Southeast
ACT-0000159,SUB-00049,2026-07-27T07:15:00,ROAMING_EVENT,3685.39,ANDROID,4G,Y,NW-TWR-003,Northwest
ACT-0000160,SUB-00049,2026-07-03T22:25:00,DEVICE_ATTACH,92.9,IOS,4G,N,NW-TWR-003,Northwest
ACT-0000161,SUB-00008,2026-07-11T23:25:00,SMS,961.0,ANDROID,5G,N,SW-TWR-002,Southwest
ACT-0000162,SUB-00048,2026-07-16T02:36:00,ROAMING_EVENT,654.79,IOS,4G,Y,NW-TWR-003,Northwest
ACT-0000163,SUB-00053,2026-07-28T17:51:00,APP_USAGE,1004.07,IOT,5G,N,MW-TWR-001,Midwest
ACT-0000164,SUB-00075,2026-07-25T19:10:00,DATA_SESSION,2352.51,HOTSPOT,5G,N,MW-TWR-002,Midwest
ACT-0000165,SUB-00090,2026-07-15T21:11:00,SMS,313.99,IOS,5G,N,SW-TWR-002,Southwest
ACT-0000166,SUB-00014,2026-07-23T21:21:00,DEVICE_ATTACH,807.05,IOS,5G,N,MW-TWR-001,Midwest
ACT-0000167,SUB-00083,2026-07-22T10:02:00,DEVICE_ATTACH,4822.17,IOS,5G,N,MW-TWR-001,Midwest
ACT-0000168,SUB-00056,2026-07-22T06:34:00,APP_USAGE,2097.5,IOT,5G,N,NW-TWR-001,Northwest
ACT-0000169,SUB-00049,2026-07-25T08:53:00,SMS,911.92,IOS,5G,N,NW-TWR-001,Northwest
ACT-0000170,SUB-00021,2026-07-27T20:23:00,ROAMING_EVENT,3587.86,HOTSPOT,5G,Y,SW-TWR-002,Southwest
ACT-0000171,SUB-00014,2026-07-07T13:56:00,ROAMING_EVENT,63.56,IOT,5G,Y,NW-TWR-002,Northwest
ACT-0000172,SUB-00023,2026-07-22T15:33:00,DEVICE_ATTACH,1752.94,HOTSPOT,5G,N,MW-TWR-002,Midwest
ACT-0000173,SUB-00060,2026-07-10T03:51:00,DEVICE_ATTACH,1903.29,HOTSPOT,5G,Y,NW-TWR-002,Northwest
ACT-0000174,SUB-00038,2026-07-14T20:06:00,SMS,1467.6,IOS,5G,Y,MW-TWR-003,Midwest
ACT-0000175,SUB-00063,2026-07-27T23:00:00,DATA_SESSION,3650.27,IOT,5G,Y,SE-TWR-001,Southeast
ACT-0000176,SUB-00042,2026-07-07T21:08:00,ROAMING_EVENT,3080.86,IOT,5G,Y,SE-TWR-002,Southeast
ACT-0000177,SUB-00017,2026-07-12T12:30:00,DATA_SESSION,1598.77,IOT,5G,N,NW-TWR-001,Northwest
ACT-0000178,SUB-00079,2026-07-07T02:26:00,APP_USAGE,1318.03,IOS,5G,N,SW-TWR-003,Southwest
ACT-0000179,SUB-00022,2026-07-06T19:49:00,SMS,3141.84,ANDROID,4G,N,NW-TWR-003,Northwest
ACT-0000180,SUB-00056,2026-07-07T23:56:00,DEVICE_ATTACH,3493.8,IOT,4G,N,NW-TWR-003,Northwest
ACT-0000181,SUB-00009,2026-07-19T14:46:00,DATA_SESSION,2074.14,IOS,5G,N,SW-TWR-002,Southwest
ACT-0000182,SUB-00072,2026-07-03T04:32:00,APP_USAGE,657.59,IOS,5G,Y,SW-TWR-001,Southwest
ACT-0000183,SUB-00046,2026-07-23T04:46:00,APP_USAGE,2396.94,IOS,5G,N,MW-TWR-002,Midwest
ACT-0000184,SUB-00092,2026-07-17T21:00:00,ROAMING_EVENT,2945.56,ANDROID,5G,Y,MW-TWR-002,Midwest
ACT-0000185,SUB-00029,2026-07-18T04:22:00,APP_USAGE,4590.45,IOS,5G,N,SE-TWR-002,Southeast
ACT-0000186,SUB-00085,2026-07-16T09:12:00,DATA_SESSION,2033.15,IOT,5G,N,SE-TWR-002,Southeast
ACT-0000187,SUB-00059,2026-07-26T02:54:00,DATA_SESSION,1142.2,IOT,5G,N,MW-TWR-002,Midwest
ACT-0000188,SUB-00073,2026-07-03T19:00:00,DEVICE_ATTACH,3473.05,ANDROID,5G,N,SW-TWR-001,Southwest
ACT-0000189,SUB-00073,2026-07-19T15:47:00,DATA_SESSION,3130.8,IOT,5G,N,SW-TWR-003,Southwest
ACT-0000190,SUB-00096,2026-07-07T23:15:00,APP_USAGE,1926.13,IOT,5G,Y,SE-TWR-001,Southeast
ACT-0000191,SUB-00035,2026-07-13T11:02:00,DEVICE_ATTACH,4535.43,IOS,5G,N,NW-TWR-002,Northwest
ACT-0000192,SUB-00007,2026-07-04T16:39:00,APP_USAGE,2402.27,HOTSPOT,4G,N,NW-TWR-003,Northwest
ACT-0000193,SUB-00013,2026-07-24T08:58:00,ROAMING_EVENT,2769.08,IOT,5G,Y,MW-TWR-003,Midwest
ACT-0000194,SUB-00085,2026-07-27T12:48:00,APP_USAGE,4114.96,IOS,5G,Y,SW-TWR-001,Southwest
ACT-0000195,SUB-00053,2026-07-25T13:34:00,ROAMING_EVENT,876.78,ANDROID,5G,Y,SE-TWR-001,Southeast
ACT-0000196,SUB-00067,2026-07-23T17:49:00,ROAMING_EVENT,2234.43,IOT,5G,Y,SW-TWR-003,Southwest
ACT-0000197,SUB-00048,2026-07-23T07:40:00,ROAMING_EVENT,2083.05,IOT,5G,Y,MW-TWR-002,Midwest
ACT-0000198,SUB-00053,2026-07-20T07:57:00,APP_USAGE,2092.11,IOS,5G,Y,SE-TWR-003,Southeast
ACT-0000199,SUB-00044,2026-07-04T11:13:00,APP_USAGE,1122.75,IOS,4G,N,NW-TWR-003,Northwest
ACT-0000200,SUB-00062,2026-07-09T06:18:00,SMS,4179.2,HOTSPOT,5G,N,MW-TWR-001,Midwest
ACT-0000201,SUB-00054,2026-07-23T04:56:00,DEVICE_ATTACH,861.85,IOS,5G,N,SW-TWR-001,Southwest
ACT-0000202,SUB-00024,2026-07-13T10:49:00,DATA_SESSION,3156.76,HOTSPOT,5G,N,MW-TWR-001,Midwest
ACT-0000203,SUB-00052,2026-07-11T03:39:00,ROAMING_EVENT,4588.59,IOS,5G,Y,MW-TWR-002,Midwest
ACT-0000204,SUB-00018,2026-07-19T22:11:00,ROAMING_EVENT,4310.36,IOS,5G,Y,MW-TWR-002,Midwest
ACT-0000205,SUB-00050,2026-07-12T06:29:00,DATA_SESSION,1340.53,HOTSPOT,5G,N,MW-TWR-002,Midwest
ACT-0000206,SUB-00077,2026-07-10T19:32:00,DEVICE_ATTACH,868.69,ANDROID,4G,N,NW-TWR-003,Northwest
ACT-0000207,SUB-00051,2026-07-22T02:29:00,DATA_SESSION,2826.62,HOTSPOT,5G,N,SW-TWR-003,Southwest
ACT-0000208,SUB-00056,2026-07-18T20:30:00,DATA_SESSION,1915.19,ANDROID,4G,N,NW-TWR-003,Northwest
ACT-0000209,SUB-00007,2026-07-16T03:51:00,APP_USAGE,3958.99,ANDROID,5G,N,SW-TWR-001,Southwest
ACT-0000210,SUB-00053,2026-07-06T21:44:00,APP_USAGE,3491.85,IOT,5G,Y,SW-TWR-003,Southwest
ACT-0000211,SUB-00013,2026-07-05T18:22:00,DEVICE_ATTACH,4418.36,ANDROID,5G,N,MW-TWR-002,Midwest
ACT-0000212,SUB-00077,2026-07-03T04:18:00,ROAMING_EVENT,578.04,IOT,5G,Y,SW-TWR-002,Southwest
ACT-0000213,SUB-00084,2026-07-07T16:25:00,APP_USAGE,1666.51,IOT,5G,N,MW-TWR-001,Midwest
ACT-0000214,SUB-00078,2026-07-21T17:56:00,APP_USAGE,164.5,IOS,5G,N,SW-TWR-002,Southwest
ACT-0000215,SUB-00096,2026-07-23T04:07:00,APP_USAGE,4895.38,IOT,5G,Y,SE-TWR-001,Southeast
ACT-0000216,SUB-00047,2026-07-24T08:50:00,SMS,2843.12,IOT,5G,N,NW-TWR-002,Northwest
ACT-0000217,SUB-00082,2026-07-25T02:46:00,ROAMING_EVENT,674.51,IOS,5G,Y,SE-TWR-002,Southeast
ACT-0000218,SUB-00082,2026-07-04T02:46:00,ROAMING_EVENT,4185.49,HOTSPOT,5G,Y,MW-TWR-003,Midwest
ACT-0000219,SUB-00022,2026-07-18T17:55:00,DEVICE_ATTACH,4648.19,ANDROID,5G,N,SE-TWR-001,Southeast
ACT-0000220,SUB-00017,2026-07-27T10:08:00,ROAMING_EVENT,3328.32,ANDROID,5G,Y,MW-TWR-002,Midwest
ACT-0000221,SUB-00036,2026-07-02T16:47:00,SMS,388.1,HOTSPOT,5G,N,MW-TWR-003,Midwest
ACT-0000222,SUB-00046,2026-07-08T03:27:00,SMS,2029.84,IOS,5G,N,SE-TWR-003,Southeast
ACT-0000223,SUB-00055,2026-07-17T08:31:00,DATA_SESSION,4860.71,HOTSPOT,4G,N,NW-TWR-003,Northwest
ACT-0000224,SUB-00049,2026-07-18T18:26:00,DEVICE_ATTACH,1068.91,IOT,5G,N,SE-TWR-001,Southeast
ACT-0000225,SUB-00063,2026-07-02T10:43:00,SMS,3372.62,IOS,5G,N,MW-TWR-001,Midwest
ACT-0000226,SUB-00038,2026-07-13T17:46:00,DEVICE_ATTACH,1997.1,ANDROID,5G,N,SW-TWR-003,Southwest
ACT-0000227,SUB-00046,2026-07-25T15:51:00,SMS,3741.28,ANDROID,5G,N,SW-TWR-003,Southwest
ACT-0000228,SUB-00094,2026-07-16T05:09:00,ROAMING_EVENT,1135.63,ANDROID,5G,Y,SW-TWR-002,Southwest
ACT-0000229,SUB-00077,2026-07-10T11:37:00,DATA_SESSION,1420.27,IOS,5G,N,MW-TWR-003,Midwest
ACT-0000230,SUB-00064,2026-07-14T10:24:00,DEVICE_ATTACH,3867.25,HOTSPOT,5G,Y,MW-TWR-001,Midwest
ACT-0000231,SUB-00024,2026-07-21T06:52:00,ROAMING_EVENT,4897.5,HOTSPOT,5G,Y,NW-TWR-001,Northwest
ACT-0000232,SUB-00037,2026-07-03T05:00:00,DATA_SESSION,3673.07,ANDROID,5G,N,SW-TWR-003,Southwest
ACT-0000233,SUB-00082,2026-07-02T06:51:00,SMS,759.57,IOT,5G,N,MW-TWR-002,Midwest
ACT-0000234,SUB-00045,2026-07-19T03:21:00,DATA_SESSION,1994.54,ANDROID,5G,Y,SE-TWR-002,Southeast
ACT-0000235,SUB-00093,2026-07-22T18:38:00,DATA_SESSION,606.2,HOTSPOT,5G,Y,MW-TWR-001,Midwest
ACT-0000236,SUB-00006,2026-07-12T04:48:00,APP_USAGE,2858.7,HOTSPOT,5G,Y,SW-TWR-001,Southwest
ACT-0000237,SUB-00096,2026-07-16T15:15:00,DATA_SESSION,2859.3,HOTSPOT,5G,N,MW-TWR-001,Midwest
ACT-0000238,SUB-00081,2026-07-13T18:47:00,DEVICE_ATTACH,4976.26,HOTSPOT,5G,Y,SW-TWR-002,Southwest
ACT-0000239,SUB-00074,2026-07-11T15:06:00,SMS,1109.98,IOT,5G,N,SE-TWR-002,Southeast
ACT-0000240,SUB-00094,2026-07-01T07:07:00,DATA_SESSION,577.23,IOS,5G,Y,MW-TWR-003,Midwest
ACT-0000241,SUB-00017,2026-07-25T14:59:00,ROAMING_EVENT,1591.79,IOS,4G,Y,NW-TWR-003,Northwest
ACT-0000242,SUB-00007,2026-07-20T21:12:00,DEVICE_ATTACH,2753.57,ANDROID,5G,N,MW-TWR-001,Midwest
ACT-0000243,SUB-00006,2026-07-21T04:14:00,APP_USAGE,1980.43,IOS,5G,N,SE-TWR-002,Southeast
ACT-0000244,SUB-00098,2026-07-18T23:20:00,ROAMING_EVENT,3227.23,ANDROID,5G,Y,SE-TWR-003,Southeast
ACT-0000245,SUB-00015,2026-07-03T03:51:00,DATA_SESSION,4204.15,IOS,5G,Y,MW-TWR-002,Midwest
ACT-0000246,SUB-00049,2026-07-26T13:17:00,APP_USAGE,3557.56,IOS,5G,N,SW-TWR-003,Southwest
ACT-0000247,SUB-00072,2026-07-19T01:00:00,DEVICE_ATTACH,198.97,IOS,5G,N,SW-TWR-003,Southwest
ACT-0000248,SUB-00034,2026-07-19T05:25:00,DATA_SESSION,2533.29,ANDROID,5G,N,MW-TWR-001,Midwest
ACT-0000249,SUB-00030,2026-07-06T20:05:00,SMS,2933.92,IOS,4G,N,NW-TWR-003,Northwest
ACT-0000250,SUB-00007,2026-07-03T09:20:00,SMS,4037.97,HOTSPOT,4G,N,NW-TWR-003,Northwest
