event_date,region,tower_id,total_calls,dropped_calls,avg_latency_ms,avg_signal_strength_dbm,poor_quality_calls,drop_rate_pct
2026-07-01,Midwest,MW-TWR-001,2,0,129.045,-106.88,2,0.0
2026-07-01,Northwest,NW-TWR-001,1,0,191.13,-79.02,1,0.0
2026-07-01,Northwest,NW-TWR-002,1,0,245.29,-102.09,1,0.0
2026-07-01,Northwest,NW-TWR-003,1,0,255.62,-112.12,1,0.0
2026-07-01,Southeast,SE-TWR-002,2,0,142.56,-87.3,1,0.0
2026-07-01,Southwest,SW-TWR-001,1,0,120.15,-67.15,0,0.0
2026-07-01,Southwest,SW-TWR-003,4,0,227.29500000000002,-93.255,4,0.0
2026-07-02,Midwest,MW-TWR-001,2,1,259.23,-80.655,2,50.0
2026-07-02,Midwest,MW-TWR-003,1,0,255.98,-94.67,1,0.0
2026-07-02,Northwest,NW-TWR-001,2,0,237.59,-116.42,2,0.0
2026-07-02,Northwest,NW-TWR-002,2,0,116.19,-96.35499999999999,1,0.0
2026-07-02,Southeast,SE-TWR-002,1,0,232.92,-82.19,1,0.0
2026-07-02,Southwest,SW-TWR-001,1,0,162.38,-99.16,1,0.0
2026-07-02,Southwest,SW-TWR-002,1,0,243.64,-90.99,1,0.0
2026-07-02,Southwest,SW-TWR-003,2,0,50.53,-99.64,0,0.0
2026-07-03,Midwest,MW-TWR-002,2,0,228.375,-106.98,2,0.0
2026-07-03,Midwest,MW-TWR-003,1,0,129.87,-113.12,1,0.0
2026-07-03,Northwest,NW-TWR-002,1,0,239.38,-91.62,1,0.0
2026-07-03,Southeast,SE-TWR-001,1,0,73.24,-84.78,0,0.0
2026-07-03,Southeast,SE-TWR-002,3,0,113.88,-93.23333333333333,1,0.0
2026-07-03,Southeast,SE-TWR-003,1,0,124.15,-103.43,0,0.0
2026-07-03,Southwest,SW-TWR-001,1,0,139.69,-79.31,0,0.0
2026-07-04,Midwest,MW-TWR-001,2,0,229.985,-79.70500000000001,2,0.0
2026-07-04,Midwest,MW-TWR-002,1,0,185.05,-66.9,1,0.0
2026-07-04,Midwest,MW-TWR-003,1,0,270.33,-76.12,1,0.0
2026-07-04,Northwest,NW-TWR-001,1,0,167.47,-84.68,1,0.0
2026-07-04,Northwest,NW-TWR-002,1,0,226.3,-121.43,1,0.0
2026-07-04,Northwest,NW-TWR-003,1,0,104.71,-88.26,0,0.0
2026-07-04,Southeast,SE-TWR-002,1,0,133.57,-94.34,0,0.0
2026-07-04,Southwest,SW-TWR-001,1,0,111.51,-102.91,0,0.0
2026-07-05,Midwest,MW-TWR-001,1,0,194.04,-105.57,1,0.0
2026-07-05,Northwest,NW-TWR-001,1,0,213.19,-115.66,1,0.0
2026-07-05,Northwest,NW-TWR-003,2,1,123.265,-85.695,1,50.0
2026-07-05,Southeast,SE-TWR-002,3,0,197.92333333333332,-107.17333333333333,2,0.0
2026-07-05,Southwest,SW-TWR-001,1,0,35.79,-115.97,1,0.0
2026-07-06,Midwest,MW-TWR-002,1,0,125.37,-86.16,0,0.0
2026-07-06,Northwest,NW-TWR-001,1,0,196.27,-111.76,1,0.0
2026-07-06,Northwest,NW-TWR-002,1,0,242.01,-83.54,1,0.0
2026-07-06,Southeast,SE-TWR-001,1,0,25.46,-84.1,0,0.0
2026-07-06,Southeast,SE-TWR-003,2,0,126.375,-109.375,2,0.0
2026-07-06,Southwest,SW-TWR-002,1,0,84.24,-122.88,1,0.0
2026-07-06,Southwest,SW-TWR-003,2,0,32.73,-91.08500000000001,0,0.0
2026-07-07,Northwest,NW-TWR-001,1,0,265.68,-106.94,1,0.0
2026-07-07,Northwest,NW-TWR-003,1,0,123.92,-103.28,0,0.0
2026-07-07,Southeast,SE-TWR-001,1,0,54.81,-98.04,0,0.0
2026-07-07,Southeast,SE-TWR-002,2,0,141.68,-103.46000000000001,2,0.0
2026-07-07,Southwest,SW-TWR-001,3,1,113.08666666666666,-83.04666666666667,2,33.33
2026-07-07,Southwest,SW-TWR-003,3,0,111.24666666666667,-96.14,2,0.0
2026-07-08,Midwest,MW-TWR-001,1,0,182.94,-101.48,1,0.0
2026-07-08,Midwest,MW-TWR-003,1,0,193.93,-106.81,1,0.0
2026-07-08,Northwest,NW-TWR-001,2,0,146.675,-89.765,1,0.0
2026-07-08,Northwest,NW-TWR-003,1,0,128.1,-97.12,0,0.0
2026-07-08,Southeast,SE-TWR-001,6,0,162.74166666666667,-85.71333333333332,5,0.0
2026-07-08,Southeast,SE-TWR-002,2,0,53.875,-115.015,2,0.0
2026-07-09,Midwest,MW-TWR-001,1,0,36.41,-116.75,1,0.0
2026-07-09,Northwest,NW-TWR-001,1,0,234.45,-72.98,1,0.0
2026-07-09,Northwest,NW-TWR-003,2,0,47.335,-114.96000000000001,2,0.0
2026-07-09,Southeast,SE-TWR-002,2,0,121.19,-106.575,1,0.0
2026-07-09,Southeast,SE-TWR-003,2,0,154.48499999999999,-105.41,1,0.0
2026-07-09,Southwest,SW-TWR-001,1,1,60.71,-113.79,1,100.0
2026-07-10,Midwest,MW-TWR-001,1,0,89.47,-118.09,1,0.0
2026-07-10,Midwest,MW-TWR-002,1,0,46.31,-120.48,1,0.0
2026-07-10,Midwest,MW-TWR-003,2,0,261.13,-94.585,2,0.0
2026-07-10,Northwest,NW-TWR-002,2,0,185.42000000000002,-113.535,2,0.0
2026-07-10,Southeast,SE-TWR-001,1,0,76.58,-110.52,1,0.0
2026-07-10,Southeast,SE-TWR-002,3,0,176.46666666666667,-95.28666666666668,2,0.0
2026-07-10,Southeast,SE-TWR-003,2,0,126.705,-97.65,1,0.0
2026-07-10,Southwest,SW-TWR-001,1,0,38.6,-66.45,0,0.0
2026-07-10,Southwest,SW-TWR-003,1,0,256.86,-124.36,1,0.0
2026-07-11,Midwest,MW-TWR-001,1,0,239.31,-69.64,1,0.0
2026-07-11,Southeast,SE-TWR-003,2,1,153.775,-115.535,2,50.0
2026-07-11,Southwest,SW-TWR-001,1,0,188.24,-116.68,1,0.0
2026-07-11,Southwest,SW-TWR-002,1,0,165.44,-110.78,1,0.0
2026-07-11,Southwest,SW-TWR-003,1,0,153.8,-102.03,1,0.0
2026-07-12,Midwest,MW-TWR-002,1,0,165.74,-101.85,1,0.0
2026-07-12,Northwest,NW-TWR-003,1,0,15.26,-79.58,0,0.0
2026-07-12,Southeast,SE-TWR-002,1,0,117.29,-114.61,1,0.0
2026-07-12,Southwest,SW-TWR-001,4,0,152.82,-85.62,2,0.0
2026-07-12,Southwest,SW-TWR-003,1,0,153.17,-99.37,1,0.0
2026-07-13,Midwest,MW-TWR-001,1,0,160.15,-73.01,1,0.0
2026-07-13,Midwest,MW-TWR-002,1,0,230.85,-80.65,1,0.0
2026-07-13,Midwest,MW-TWR-003,3,0,147.5,-71.95,1,0.0
2026-07-13,Northwest,NW-TWR-001,2,0,198.23,-87.71,2,0.0
2026-07-13,Northwest,NW-TWR-002,1,0,232.18,-124.64,1,0.0
2026-07-13,Northwest,NW-TWR-003,1,0,224.84,-68.64,1,0.0
2026-07-13,Southeast,SE-TWR-002,1,0,19.5,-103.35,0,0.0
2026-07-13,Southeast,SE-TWR-003,1,0,167.1,-68.36,1,0.0
2026-07-13,Southwest,SW-TWR-003,1,0,143.06,-99.87,0,0.0
2026-07-14,Midwest,MW-TWR-001,1,0,97.16,-100.39,0,0.0
2026-07-14,Midwest,MW-TWR-002,3,0,94.69666666666667,-92.44333333333333,1,0.0
2026-07-14,Midwest,MW-TWR-003,1,0,262.91,-112.64,1,0.0
2026-07-14,Northwest,NW-TWR-001,1,0,82.45,-74.88,0,0.0
2026-07-14,Northwest,NW-TWR-003,2,0,117.645,-82.95500000000001,1,0.0
2026-07-14,Southeast,SE-TWR-001,1,0,146.47,-70.56,0,0.0
2026-07-14,Southeast,SE-TWR-002,2,0,143.49,-105.12,1,0.0
2026-07-14,Southeast,SE-TWR-003,3,0,136.86666666666667,-112.13,2,0.0
2026-07-14,Southwest,SW-TWR-001,1,0,97.45,-113.58,1,0.0
2026-07-14,Southwest,SW-TWR-003,3,1,167.58666666666667,-101.76666666666667,3,33.33
2026-07-15,Midwest,MW-TWR-003,1,0,156.62,-69.74,1,0.0
2026-07-15,Northwest,NW-TWR-001,1,1,178.72,-69.03,1,100.0
2026-07-15,Northwest,NW-TWR-002,1,0,81.63,-81.39,0,0.0
2026-07-15,Southeast,SE-TWR-001,1,0,81.21,-86.92,0,0.0
2026-07-15,Southeast,SE-TWR-002,1,0,276.85,-101.18,1,0.0
2026-07-15,Southeast,SE-TWR-003,1,0,95.89,-104.86,0,0.0
2026-07-15,Southwest,SW-TWR-001,1,0,81.68,-74.56,0,0.0
2026-07-16,Midwest,MW-TWR-001,1,0,184.51,-72.67,1,0.0
2026-07-16,Midwest,MW-TWR-002,1,0,45.95,-101.29,0,0.0
2026-07-16,Northwest,NW-TWR-001,3,0,134.36666666666667,-92.06,1,0.0
2026-07-16,Northwest,NW-TWR-003,1,1,89.24,-105.57,1,100.0
2026-07-16,Southeast,SE-TWR-001,1,0,226.42,-107.56,1,0.0
2026-07-16,Southwest,SW-TWR-001,2,0,78.22500000000001,-91.84,0,0.0
2026-07-16,Southwest,SW-TWR-002,2,0,76.74,-87.955,0,0.0
2026-07-17,Midwest,MW-TWR-001,1,0,57.27,-85.91,0,0.0
2026-07-17,Midwest,MW-TWR-003,2,0,180.53,-97.285,2,0.0
2026-07-17,Northwest,NW-TWR-001,1,0,52.67,-99.78,0,0.0
2026-07-17,Northwest,NW-TWR-002,1,0,215.87,-101.03,1,0.0
2026-07-17,Northwest,NW-TWR-003,2,0,108.35,-91.72999999999999,0,0.0
2026-07-17,Southeast,SE-TWR-002,1,0,228.18,-101.73,1,0.0
2026-07-17,Southwest,SW-TWR-003,4,0,192.3825,-82.1875,3,0.0
2026-07-18,Midwest,MW-TWR-002,1,0,49.34,-103.48,0,0.0
2026-07-18,Southeast,SE-TWR-001,3,0,231.15333333333334,-87.21666666666665,3,0.0
2026-07-18,Southeast,SE-TWR-002,1,0,257.41,-121.25,1,0.0
2026-07-18,Southeast,SE-TWR-003,2,0,82.82,-96.58500000000001,1,0.0
2026-07-18,Southwest,SW-TWR-001,1,0,94.92,-108.76,1,0.0
2026-07-18,Southwest,SW-TWR-002,1,0,88.4,-67.14,0,0.0
2026-07-19,Midwest,MW-TWR-001,1,0,261.94,-65.39,1,0.0
2026-07-19,Midwest,MW-TWR-002,3,0,183.17,-104.16000000000001,3,0.0
2026-07-19,Midwest,MW-TWR-003,1,1,108.77,-123.46,1,100.0
2026-07-19,Northwest,NW-TWR-001,1,0,141.07,-75.95,0,0.0
2026-07-19,Northwest,NW-TWR-002,3,0,127.85333333333334,-112.10333333333334,2,0.0
2026-07-19,Northwest,NW-TWR-003,2,0,206.39,-107.09,2,0.0
2026-07-19,Southeast,SE-TWR-002,1,0,15.75,-85.28,0,0.0
2026-07-19,Southwest,SW-TWR-002,2,1,168.115,-105.285,2,50.0
2026-07-19,Southwest,SW-TWR-003,1,1,183.49,-117.51,1,100.0
2026-07-20,Midwest,MW-TWR-001,1,0,245.86,-99.38,1,0.0
2026-07-20,Midwest,MW-TWR-002,1,1,216.28,-92.09,1,100.0
2026-07-20,Northwest,NW-TWR-001,2,0,60.75,-73.875,0,0.0
2026-07-20,Northwest,NW-TWR-003,1,0,224.88,-95.87,1,0.0
2026-07-20,Southeast,SE-TWR-002,2,2,170.24,-105.765,2,100.0
2026-07-20,Southeast,SE-TWR-003,1,0,154.56,-82.37,1,0.0
2026-07-20,Southwest,SW-TWR-001,1,0,167.59,-118.0,1,0.0
2026-07-20,Southwest,SW-TWR-003,1,0,32.56,-118.42,1,0.0
2026-07-21,Midwest,MW-TWR-001,1,0,247.55,-97.48,1,0.0
2026-07-21,Midwest,MW-TWR-002,1,0,34.16,-74.32,0,0.0
2026-07-21,Northwest,NW-TWR-001,1,0,113.89,-109.97,1,0.0
2026-07-21,Northwest,NW-TWR-003,2,0,147.135,-94.80000000000001,1,0.0
2026-07-21,Southeast,SE-TWR-001,1,0,269.39,-119.96,1,0.0
2026-07-21,Southeast,SE-TWR-002,2,0,161.70499999999998,-107.63,2,0.0
2026-07-21,Southeast,SE-TWR-003,1,0,235.41,-82.05,1,0.0
2026-07-21,Southwest,SW-TWR-001,1,0,75.76,-122.06,1,0.0
2026-07-21,Southwest,SW-TWR-002,2,0,69.11,-94.245,1,0.0
2026-07-21,Southwest,SW-TWR-003,1,0,176.81,-67.71,1,0.0
2026-07-22,Midwest,MW-TWR-001,1,0,164.22,-85.49,1,0.0
2026-07-22,Midwest,MW-TWR-002,2,0,139.3,-87.225,1,0.0
2026-07-22,Midwest,MW-TWR-003,4,0,167.09,-107.405,4,0.0
2026-07-22,Northwest,NW-TWR-001,1,0,189.73,-117.92,1,0.0
2026-07-22,Southwest,SW-TWR-002,2,0,244.81,-94.87,2,0.0
2026-07-22,Southwest,SW-TWR-003,2,0,112.305,-95.92500000000001,1,0.0
2026-07-23,Midwest,MW-TWR-001,2,1,108.05,-105.89,1,50.0
2026-07-23,Midwest,MW-TWR-002,1,0,96.0,-93.35,0,0.0
2026-07-23,Northwest,NW-TWR-002,1,0,108.81,-91.79,0,0.0
2026-07-23,Northwest,NW-TWR-003,2,0,103.405,-75.04499999999999,0,0.0
2026-07-23,Southeast,SE-TWR-001,4,0,167.49,-84.2375,3,0.0
2026-07-23,Southeast,SE-TWR-002,2,0,161.43,-103.9,1,0.0
2026-07-23,Southeast,SE-TWR-003,2,0,159.645,-90.035,1,0.0
2026-07-23,Southwest,SW-TWR-001,1,0,24.9,-104.88,0,0.0
2026-07-23,Southwest,SW-TWR-003,1,0,236.41,-100.0,1,0.0
2026-07-24,Midwest,MW-TWR-002,1,0,229.14,-70.37,1,0.0
2026-07-24,Midwest,MW-TWR-003,1,0,194.07,-81.59,1,0.0
2026-07-24,Northwest,NW-TWR-003,2,1,253.59999999999997,-82.87,2,50.0
2026-07-24,Southeast,SE-TWR-003,1,0,210.63,-89.02,1,0.0
2026-07-24,Southwest,SW-TWR-001,1,1,227.67,-115.61,1,100.0
2026-07-25,Midwest,MW-TWR-002,1,0,98.8,-88.79,0,0.0
2026-07-25,Northwest,NW-TWR-003,1,0,149.55,-113.35,1,0.0
2026-07-25,Southeast,SE-TWR-001,1,0,103.51,-119.1,1,0.0
2026-07-25,Southeast,SE-TWR-003,1,0,125.88,-100.12,0,0.0
2026-07-25,Southwest,SW-TWR-003,1,0,232.03,-79.35,1,0.0
2026-07-26,Midwest,MW-TWR-001,1,0,259.62,-69.25,1,0.0
2026-07-26,Midwest,MW-TWR-002,1,1,220.54,-76.99,1,100.0
2026-07-26,Northwest,NW-TWR-002,1,0,149.06,-118.86,1,0.0
2026-07-26,Northwest,NW-TWR-003,1,0,219.07,-98.1,1,0.0
2026-07-26,Southeast,SE-TWR-002,2,0,82.72,-85.515,0,0.0
2026-07-26,Southeast,SE-TWR-003,2,0,146.065,-97.32,2,0.0
2026-07-26,Southwest,SW-TWR-001,2,0,154.83999999999997,-96.495,1,0.0
2026-07-26,Southwest,SW-TWR-002,1,0,72.58,-87.83,0,0.0
2026-07-26,Southwest,SW-TWR-003,1,0,81.23,-76.55,0,0.0
2026-07-27,Midwest,MW-TWR-001,2,0,179.35,-100.57,2,0.0
2026-07-27,Midwest,MW-TWR-002,1,0,259.41,-77.29,1,0.0
2026-07-27,Northwest,NW-TWR-002,1,0,197.45,-115.96,1,0.0
2026-07-27,Southeast,SE-TWR-001,1,0,187.99,-108.24,1,0.0
2026-07-27,Southeast,SE-TWR-002,1,0,16.47,-92.77,0,0.0
2026-07-27,Southwest,SW-TWR-002,3,1,122.38666666666667,-98.94333333333333,2,33.33
2026-07-28,Midwest,MW-TWR-001,1,0,34.73,-98.29,0,0.0
2026-07-28,Midwest,MW-TWR-002,2,0,239.35000000000002,-116.72,2,0.0
2026-07-28,Midwest,MW-TWR-003,1,0,213.46,-103.78,1,0.0
2026-07-28,Northwest,NW-TWR-001,2,0,88.78,-118.06,2,0.0
2026-07-28,Northwest,NW-TWR-002,1,1,96.05,-97.17,0,100.0
2026-07-28,Southwest,SW-TWR-001,1,0,277.13,-106.02,1,0.0
2026-07-28,Southwest,SW-TWR-002,2,0,175.075,-86.96,1,0.0
2026-07-28,Southwest,SW-TWR-003,2,0,103.17999999999999,-73.145,1,0.0
